Topic,Count,Name,Representation,Representative_Docs
-1,15036,-1_the_of_and_to,"['the', 'of', 'and', 'to', 'in', 'we', 'for', 'that', 'on', 'is']","['  Neural-based end-to-end approaches to natural language generation (NLG) from\nstructured data or knowledge are data-hungry, making their adoption for\nreal-world applications difficult with limited data. In this work, we propose\nthe new task of \\textit{few-shot natural language generation}. Motivated by how\nhumans tend to summarize tabular data, we propose a simple yet effective\napproach and show that it not only demonstrates strong performance but also\nprovides good generalization across domains. The design of the model\narchitecture is based on two aspects: content selection from input data and\nlanguage modeling to compose coherent sentences, which can be acquired from\nprior knowledge. With just 200 training examples, across multiple domains, we\nshow that our approach achieves very reasonable performances and outperforms\nthe strongest baseline by an average of over 8.0 BLEU points improvement. Our\ncode and data can be found at \\url{https://github.com/czyssrs/Few-Shot-NLG}\n', '  Current benchmark tasks for natural language processing contain text that is\nqualitatively different from the text used in informal day to day digital\ncommunication. This discrepancy has led to severe performance degradation of\nstate-of-the-art NLP models when fine-tuned on real-world data. One way to\nresolve this issue is through lexical normalization, which is the process of\ntransforming non-standard text, usually from social media, into a more\nstandardized form. In this work, we propose a sentence-level\nsequence-to-sequence model based on mBART, which frames the problem as a\nmachine translation problem. As the noisy text is a pervasive problem across\nlanguages, not just English, we leverage the multi-lingual pre-training of\nmBART to fine-tune it to our data. While current approaches mainly operate at\nthe word or subword level, we argue that this approach is straightforward from\na technical standpoint and builds upon existing pre-trained transformer\nnetworks. Our results show that while word-level, intrinsic, performance\nevaluation is behind other methods, our model improves performance on\nextrinsic, downstream tasks through normalization compared to models operating\non raw, unprocessed, social media text.\n', '  In many real-world scenarios, data to train machine learning models becomes\navailable over time. Unfortunately, these models struggle to continually learn\nnew concepts without forgetting what has been learnt in the past. This\nphenomenon is known as catastrophic forgetting and it is difficult to prevent\ndue to practical constraints. For instance, the amount of data that can be\nstored or the computational resources that can be used might be limited.\nMoreover, applications increasingly rely on large pre-trained neural networks,\nsuch as pre-trained Transformers, since the resources or data might not be\navailable in sufficiently large quantities to practitioners to train the model\nfrom scratch. In this paper, we devise a method to incrementally train a model\non a sequence of tasks using pre-trained Transformers and extending them with\nAdapters. Different than the existing approaches, our method is able to scale\nto a large number of tasks without significant overhead and allows sharing\ninformation across tasks. On both image and text classification tasks, we\nempirically demonstrate that our method maintains a good predictive performance\nwithout retraining the model or increasing the number of model parameters over\ntime. The resulting model is also significantly faster at inference time\ncompared to Adapter-based state-of-the-art methods.\n']"
0,2689,0_dialogue_the_dialog_to,"['dialogue', 'the', 'dialog', 'to', 'and', 'in', 'of', 'response', 'we', 'conversational']","['  Most recently proposed approaches in dialogue state tracking (DST) leverage\nthe context and the last dialogue states to track current dialogue states,\nwhich are often slot-value pairs. Although the context contains the complete\ndialogue information, the information is usually indirect and even requires\nreasoning to obtain. The information in the lastly predicted dialogue states is\ndirect, but when there is a prediction error, the dialogue information from\nthis source will be incomplete or erroneous. In this paper, we propose the\nDialogue State Tracking with Multi-Level Fusion of Predicted Dialogue States\nand Conversations network (FPDSC). This model extracts information of each\ndialogue turn by modeling interactions among each turn utterance, the\ncorresponding last dialogue states, and dialogue slots. Then the representation\nof each dialogue turn is aggregated by a hierarchical structure to form the\npassage information, which is utilized in the current turn of DST. Experimental\nresults validate the effectiveness of the fusion network with 55.03% and 59.07%\njoint accuracy on MultiWOZ 2.0 and MultiWOZ 2.1 datasets, which reaches the\nstate-of-the-art performance. Furthermore, we conduct the deleted-value and\nrelated-slot experiments on MultiWOZ 2.1 to evaluate our model.\n', '  Task-Oriented Dialogue (TOD) systems are designed to carry out specific tasks\nby tracking dialogue states and generating appropriate responses to help users\nachieve defined goals. Recently, end-to-end dialogue models pre-trained based\non large datasets have shown promising performance in the conversational\nsystem. However, they share the same parameters to train tasks of the dialogue\nsystem (NLU, DST, NLG), so debugging each task is challenging. Also, they\nrequire a lot of effort to fine-tune large parameters to create a task-oriented\nchatbot, making it difficult for non-experts to handle. Therefore, we intend to\ntrain relatively lightweight and fast models compared to PLM. In this paper, we\npropose an End-to-end TOD system with Task-Optimized Adapters which learn\nindependently per task, adding only small number of parameters after fixed\nlayers of pre-trained network. We also enhance the performance of the DST and\nNLG modules through reinforcement learning, overcoming the learning curve that\nhas lacked at the adapter learning and enabling the natural and consistent\nresponse generation that is appropriate for the goal. Our method is a\nmodel-agnostic approach and does not require prompt-tuning as only input data\nwithout a prompt. As results of the experiment, our method shows competitive\nperformance on the MultiWOZ benchmark compared to the existing end-to-end\nmodels. In particular, we attain state-of-the-art performance on the DST task\nof 2.2 dataset.\n', '  Building an end-to-end conversational agent for multi-domain task-oriented\ndialogues has been an open challenge for two main reasons. First, tracking\ndialogue states of multiple domains is non-trivial as the dialogue agent must\nobtain complete states from all relevant domains, some of which might have\nshared slots among domains as well as unique slots specifically for one domain\nonly. Second, the dialogue agent must also process various types of information\nacross domains, including dialogue context, dialogue states, and database, to\ngenerate natural responses to users. Unlike the existing approaches that are\noften designed to train each module separately, we propose ""UniConv"" -- a novel\nunified neural architecture for end-to-end conversational systems in\nmulti-domain task-oriented dialogues, which is designed to jointly train (i) a\nBi-level State Tracker which tracks dialogue states by learning signals at both\nslot and domain level independently, and (ii) a Joint Dialogue Act and Response\nGenerator which incorporates information from various input components and\nmodels dialogue acts and target responses simultaneously. We conduct\ncomprehensive experiments in dialogue state tracking, context-to-text, and\nend-to-end settings on the MultiWOZ2.1 benchmark, achieving superior\nperformance over competitive baselines.\n']"
1,2411,1_speech_asr_recognition_the,"['speech', 'asr', 'recognition', 'the', 'to', 'end', 'and', 'of', 'in', 'for']","['  End-to-end intent classification using speech has numerous advantages\ncompared to the conventional pipeline approach using automatic speech\nrecognition (ASR), followed by natural language processing modules. It attempts\nto predict intent from speech without using an intermediate ASR module.\nHowever, such end-to-end framework suffers from the unavailability of large\nspeech resources with higher acoustic variation in spoken language\nunderstanding. In this work, we exploit the scope of the transformer\ndistillation method that is specifically designed for knowledge distillation\nfrom a transformer based language model to a transformer based speech model. In\nthis regard, we leverage the reliable and widely used bidirectional encoder\nrepresentations from transformers (BERT) model as a language model and transfer\nthe knowledge to build an acoustic model for intent classification using the\nspeech. In particular, a multilevel transformer based teacher-student model is\ndesigned, and knowledge distillation is performed across attention and hidden\nsub-layers of different transformer layers of the student and teacher models.\nWe achieve an intent classification accuracy of 99.10% and 88.79% for Fluent\nspeech corpus and ATIS database, respectively. Further, the proposed method\ndemonstrates better performance and robustness in acoustically degraded\ncondition compared to the baseline method.\n', '  A major focus of recent research in spoken language understanding (SLU) has\nbeen on the end-to-end approach where a single model can predict intents\ndirectly from speech inputs without intermediate transcripts. However, this\napproach presents some challenges. First, since speech can be considered as\npersonally identifiable information, in some cases only automatic speech\nrecognition (ASR) transcripts are accessible. Second, intent-labeled speech\ndata is scarce. To address the first challenge, we propose a novel system that\ncan predict intents from flexible types of inputs: speech, ASR transcripts, or\nboth. We demonstrate strong performance for either modality separately, and\nwhen both speech and ASR transcripts are available, through system combination,\nwe achieve better results than using a single input modality. To address the\nsecond challenge, we leverage a semantically robust pre-trained BERT model and\nadopt a cross-modal system that co-trains text embeddings and acoustic\nembeddings in a shared latent space. We further enhance this system by\nutilizing an acoustic module pre-trained on LibriSpeech and domain-adapting the\ntext module on our target datasets. Our experiments show significant advantages\nfor these pre-training and fine-tuning strategies, resulting in a system that\nachieves competitive intent-classification performance on Snips SLU and Fluent\nSpeech Commands datasets.\n', ""  Voice Assistants such as Alexa, Siri, and Google Assistant typically use a\ntwo-stage Spoken Language Understanding pipeline; first, an Automatic Speech\nRecognition (ASR) component to process customer speech and generate text\ntranscriptions, followed by a Natural Language Understanding (NLU) component to\nmap transcriptions to an actionable hypothesis. An end-to-end (E2E) system that\ngoes directly from speech to a hypothesis is a more attractive option. These\nsystems were shown to be smaller, faster, and better optimized. However, they\nrequire massive amounts of end-to-end training data and in addition, don't take\nadvantage of the already available ASR and NLU training data.\n  In this work, we propose an E2E system that is designed to jointly train on\nmultiple speech-to-text tasks, such as ASR (speech-transcription) and SLU\n(speech-hypothesis), and text-to-text tasks, such as NLU (text-hypothesis). We\ncall this the Audio-Text All-Task (AT-AT) Model and we show that it beats the\nperformance of E2E models trained on individual tasks, especially ones trained\non limited data. We show this result on an internal music dataset and two\npublic datasets, FluentSpeech and SNIPS Audio, where we achieve\nstate-of-the-art results. Since our model can process both speech and text\ninput sequences and learn to predict a target sequence, it also allows us to do\nzero-shot E2E SLU by training on only text-hypothesis data (without any speech)\nfrom a new domain. We evaluate this ability of our model on the Facebook TOP\ndataset and set a new benchmark for zeroshot E2E performance. We will soon\nrelease the audio data collected for the TOP dataset for future research.\n""]"
2,2163,2_translation_machine_nmt_the,"['translation', 'machine', 'nmt', 'the', 'to', 'of', 'english', 'and', 'in', 'we']","['  Neural machine translation (NMT) has significantly improved the quality of\nautomatic translation models. One of the main challenges in current systems is\nthe translation of rare words. We present a generic approach to address this\nweakness by having external models annotate the training data as Experts, and\ncontrol the model-expert interaction with a pointer network and reinforcement\nlearning. Our experiments using phrase-based models to simulate Experts to\ncomplement neural machine translation models show that the model can be trained\nto copy the annotations into the output consistently. We demonstrate the\nbenefit of our proposed framework in outof-domain translation scenarios with\nonly lexical resources, improving more than 1.0 BLEU point in both translation\ndirections English to Spanish and German to English\n', '  Neural machine translation is a recently proposed approach to machine\ntranslation. Unlike the traditional statistical machine translation, the neural\nmachine translation aims at building a single neural network that can be\njointly tuned to maximize the translation performance. The models proposed\nrecently for neural machine translation often belong to a family of\nencoder-decoders and consists of an encoder that encodes a source sentence into\na fixed-length vector from which a decoder generates a translation. In this\npaper, we conjecture that the use of a fixed-length vector is a bottleneck in\nimproving the performance of this basic encoder-decoder architecture, and\npropose to extend this by allowing a model to automatically (soft-)search for\nparts of a source sentence that are relevant to predicting a target word,\nwithout having to form these parts as a hard segment explicitly. With this new\napproach, we achieve a translation performance comparable to the existing\nstate-of-the-art phrase-based system on the task of English-to-French\ntranslation. Furthermore, qualitative analysis reveals that the\n(soft-)alignments found by the model agree well with our intuition.\n', '  In recent years, Neural Machine Translation (NMT) has been shown to be more\neffective than phrase-based statistical methods, thus quickly becoming the\nstate of the art in machine translation (MT). However, NMT systems are limited\nin translating low-resourced languages, due to the significant amount of\nparallel data that is required to learn useful mappings between languages. In\nthis work, we show how the so-called multilingual NMT can help to tackle the\nchallenges associated with low-resourced language translation. The underlying\nprinciple of multilingual NMT is to force the creation of hidden\nrepresentations of words in a shared semantic space across multiple languages,\nthus enabling a positive parameter transfer across languages. Along this\ndirection, we present multilingual translation experiments with three languages\n(English, Italian, Romanian) covering six translation directions, utilizing\nboth recurrent neural networks and transformer (or self-attentive) neural\nnetworks. We then focus on the zero-shot translation problem, that is how to\nleverage multi-lingual data in order to learn translation directions that are\nnot covered by the available training material. To this aim, we introduce our\nrecently proposed iterative self-training method, which incrementally improves\na multilingual NMT on a zero-shot direction by just relying on monolingual\ndata. Our results on TED talks data show that multilingual NMT outperforms\nconventional bilingual NMT, that the transformer NMT outperforms recurrent NMT,\nand that zero-shot NMT outperforms conventional pivoting methods and even\nmatches the performance of a fully-trained bilingual system.\n']"
3,1675,3_medical_clinical_and_the,"['medical', 'clinical', 'and', 'the', 'of', 'biomedical', 'in', 'to', 'for', 'patient']","[""  Medical code assignment from clinical text is a fundamental task in clinical\ninformation system management. As medical notes are typically lengthy and the\nmedical coding system's code space is large, this task is a long-standing\nchallenge. Recent work applies deep neural network models to encode the medical\nnotes and assign medical codes to clinical documents. However, these methods\nare still ineffective as they do not fully encode and capture the lengthy and\nrich semantic information of medical notes nor explicitly exploit the\ninteractions between the notes and codes. We propose a novel method, gated\nconvolutional neural networks, and a note-code interaction (GatedCNN-NCI), for\nautomatic medical code assignment to overcome these challenges. Our methods\ncapture the rich semantic information of the lengthy clinical text for better\nrepresentation by utilizing embedding injection and gated information\npropagation in the medical note encoding module. With a novel note-code\ninteraction design and a graph message passing mechanism, we explicitly capture\nthe underlying dependency between notes and codes, enabling effective code\nprediction. A weight sharing scheme is further designed to decrease the number\nof trainable parameters. Empirical experiments on real-world clinical datasets\nshow that our proposed model outperforms state-of-the-art models in most cases,\nand our model size is on par with light-weighted baselines.\n"", '  Medical text learning has recently emerged as a promising area to improve\nhealthcare due to the wide adoption of electronic health record (EHR) systems.\nThe complexity of the medical text such as diverse length, mixed text types,\nand full of medical jargon, poses a great challenge for developing effective\ndeep learning models. BERT has presented state-of-the-art results in many NLP\ntasks, such as text classification and question answering. However, the\nstandalone BERT model cannot deal with the complexity of the medical text,\nespecially the lengthy clinical notes. Herein, we develop a new model called\nKG-MTT-BERT (Knowledge Graph Enhanced Multi-Type Text BERT) by extending the\nBERT model for long and multi-type text with the integration of the medical\nknowledge graph. Our model can outperform all baselines and other\nstate-of-the-art models in diagnosis-related group (DRG) classification, which\nrequires comprehensive medical text for accurate classification. We also\ndemonstrated that our model can effectively handle multi-type text and the\nintegration of medical knowledge graph can significantly improve the\nperformance.\n', '  Clinical notes in Electronic Health Records (EHR) present rich documented\ninformation of patients to inference phenotype for disease diagnosis and study\npatient characteristics for cohort selection. Unsupervised user embedding aims\nto encode patients into fixed-length vectors without human supervisions.\nMedical concepts extracted from the clinical notes contain rich connections\nbetween patients and their clinical categories. However, existing unsupervised\napproaches of user embeddings from clinical notes do not explicitly incorporate\nmedical concepts. In this study, we propose a concept-aware unsupervised user\nembedding that jointly leverages text documents and medical concepts from two\nclinical corpora, MIMIC-III and Diabetes. We evaluate user embeddings on both\nextrinsic and intrinsic tasks, including phenotype classification, in-hospital\nmortality prediction, patient retrieval, and patient relatedness. Experiments\non the two clinical corpora show our approach exceeds unsupervised baselines,\nand incorporating medical concepts can significantly improve the baseline\nperformance.\n']"
4,1510,4_question_answer_questions_qa,"['question', 'answer', 'questions', 'qa', 'answering', 'the', 'to', 'answers', 'and', 'of']","['  We propose a novel text generation task, namely Curiosity-driven Question\nGeneration. We start from the observation that the Question Generation task has\ntraditionally been considered as the dual problem of Question Answering, hence\ntackling the problem of generating a question given the text that contains its\nanswer. Such questions can be used to evaluate machine reading comprehension.\nHowever, in real life, and especially in conversational settings, humans tend\nto ask questions with the goal of enriching their knowledge and/or clarifying\naspects of previously gathered information. We refer to these inquisitive\nquestions as Curiosity-driven: these questions are generated with the goal of\nobtaining new information (the answer) which is not present in the input text.\nIn this work, we experiment on this new task using a conversational Question\nAnswering (QA) dataset; further, since the majority of QA dataset are not built\nin a conversational manner, we describe a methodology to derive data for this\nnovel task from non-conversational QA data. We investigate several automated\nmetrics to measure the different properties of Curious Questions, and\nexperiment different approaches on the Curiosity-driven Question Generation\ntask, including model pre-training and reinforcement learning. Finally, we\nreport a qualitative evaluation of the generated outputs.\n', '  The ability to ask questions is important in both human and machine\nintelligence. Learning to ask questions helps knowledge acquisition, improves\nquestion-answering and machine reading comprehension tasks, and helps a chatbot\nto keep the conversation flowing with a human. Existing question generation\nmodels are ineffective at generating a large amount of high-quality\nquestion-answer pairs from unstructured text, since given an answer and an\ninput passage, question generation is inherently a one-to-many mapping. In this\npaper, we propose Answer-Clue-Style-aware Question Generation (ACS-QG), which\naims at automatically generating high-quality and diverse question-answer pairs\nfrom unlabeled text corpus at scale by imitating the way a human asks\nquestions. Our system consists of: i) an information extractor, which samples\nfrom the text multiple types of assistive information to guide question\ngeneration; ii) neural question generators, which generate diverse and\ncontrollable questions, leveraging the extracted assistive information; and\niii) a neural quality controller, which removes low-quality generated data\nbased on text entailment. We compare our question generation models with\nexisting approaches and resort to voluntary human evaluation to assess the\nquality of the generated question-answer pairs. The evaluation results suggest\nthat our system dramatically outperforms state-of-the-art neural question\ngeneration models in terms of the generation quality, while being scalable in\nthe meantime. With models trained on a relatively smaller amount of data, we\ncan generate 2.8 million quality-assured question-answer pairs from a million\nsentences found in Wikipedia.\n', '  Automatic question generation aims at the generation of questions from a\ncontext, with the corresponding answers being sub-spans of the given passage.\nWhereas, most of the methods mostly rely on heuristic rules to generate\nquestions, more recently also neural network approaches have been proposed. In\nthis work, we propose a variant of the self-attention Transformer network\narchitectures model to generate meaningful and diverse questions. To this end,\nwe propose an easy to use model consisting of the conjunction of the\nTransformer decoder GPT-2 model with Transformer encoder BERT for the\ndownstream task for question answering. The model is trained in an end-to-end\nfashion, where the language model is trained to produce a question-answer-aware\ninput representation that facilitates to generate an answer focused question.\nOur result of neural question generation from text on the SQuAD 1.1 dataset\nsuggests that our method can produce semantically correct and diverse\nquestions. Additionally, we assessed the performance of our proposed method for\nthe downstream task of question answering. The analysis shows that our proposed\ngeneration & answering collaboration framework relatively improves both tasks\nand is particularly powerful in the semi-supervised setup. The results further\nsuggest a robust and comparably lean pipeline facilitating question generation\nin the small-data regime.\n']"
5,1426,5_word_embeddings_similarity_embedding,"['word', 'embeddings', 'similarity', 'embedding', 'semantic', 'of', 'the', 'words', 'sense', 'in']","[""  Understanding human language has been a sub-challenge on the way of\nintelligent machines. The study of meaning in natural language processing (NLP)\nrelies on the distributional hypothesis where language elements get meaning\nfrom the words that co-occur within contexts. The revolutionary idea of\ndistributed representation for a concept is close to the working of a human\nmind in that the meaning of a word is spread across several neurons, and a loss\nof activation will only slightly affect the memory retrieval process.\n  Neural word embeddings transformed the whole field of NLP by introducing\nsubstantial improvements in all NLP tasks. In this survey, we provide a\ncomprehensive literature review on neural word embeddings. We give theoretical\nfoundations and describe existing work by an interplay between word embeddings\nand language modelling. We provide broad coverage on neural word embeddings,\nincluding early word embeddings, embeddings targeting specific semantic\nrelations, sense embeddings, morpheme embeddings, and finally, contextual\nrepresentations. Finally, we describe benchmark datasets in word embeddings'\nperformance evaluation and downstream tasks along with the performance results\nof/due to word embeddings.\n"", ""  In recent years, natural language processing (NLP) has become one of the most\nimportant areas with various applications in human's life. As the most\nfundamental task, the field of word embedding still requires more attention and\nresearch. Currently, existing works about word embedding are focusing on\nproposing novel embedding algorithms and dimension reduction techniques on\nwell-trained word embeddings. In this paper, we propose to use a novel joint\nsignal separation method - JIVE to jointly decompose various trained word\nembeddings into joint and individual components. Through this decomposition\nframework, we can easily investigate the similarity and difference among\ndifferent word embeddings. We conducted extensive empirical study on word2vec,\nFastText and GLoVE trained on different corpus and with different dimensions.\nWe compared the performance of different decomposed components based on\nsentiment analysis on Twitter and Stanford sentiment treebank. We found that by\nmapping different word embeddings into the joint component, sentiment\nperformance can be greatly improved for the original word embeddings with lower\nperformance. Moreover, we found that by concatenating different components\ntogether, the same model can achieve better performance. These findings provide\ngreat insights into the word embeddings and our work offer a new of generating\nword embeddings by fusing.\n"", '  Sense representations have gone beyond word representations like Word2Vec,\nGloVe and FastText and achieved innovative performance on a wide range of\nnatural language processing tasks. Although very useful in many applications,\nthe traditional approaches for generating word embeddings have a strict\ndrawback: they produce a single vector representation for a given word ignoring\nthe fact that ambiguous words can assume different meanings. In this paper, we\nexplore unsupervised sense representations which, different from traditional\nword embeddings, are able to induce different senses of a word by analyzing its\ncontextual semantics in a text. The unsupervised sense representations\ninvestigated in this paper are: sense embeddings and deep neural language\nmodels. We present the first experiments carried out for generating sense\nembeddings for Portuguese. Our experiments show that the sense embedding model\n(Sense2vec) outperformed traditional word embeddings in syntactic and semantic\nanalogies task, proving that the language resource generated here can improve\nthe performance of NLP tasks in Portuguese. We also evaluated the performance\nof pre-trained deep neural language models (ELMo and BERT) in two transfer\nlearning approaches: feature based and fine-tuning, in the semantic textual\nsimilarity task. Our experiments indicate that the fine tuned Multilingual and\nPortuguese BERT language models were able to achieve better accuracy than the\nELMo model and baselines.\n']"
6,1293,6_transformer_attention_the_models,"['transformer', 'attention', 'the', 'models', 'to', 'of', 'bert', 'model', 'and', 'tasks']","['  Effective representation learning from text has been an active area of\nresearch in the fields of NLP and text mining. Attention mechanisms have been\nat the forefront in order to learn contextual sentence representations. Current\nstate-of-the-art approaches for many NLP tasks use large pre-trained language\nmodels such as BERT, XLNet and so on for learning representations. These models\nare based on the Transformer architecture that involves recurrent blocks of\ncomputation consisting of multi-head self-attention and feedforward networks.\nOne of the major bottlenecks largely contributing to the computational\ncomplexity of the Transformer models is the self-attention layer, that is both\ncomputationally expensive and parameter intensive. In this work, we introduce a\nnovel multi-head self-attention mechanism operating on GRUs that is shown to be\ncomputationally cheaper and more parameter efficient than self-attention\nmechanism proposed in Transformers for text classification tasks. The\nefficiency of our approach mainly stems from two optimizations; 1) we use\nlow-rank matrix factorization of the affinity matrix to efficiently get\nmultiple attention distributions instead of having separate parameters for each\nhead 2) attention scores are obtained by querying a global context vector\ninstead of densely querying all the words in the sentence. We evaluate the\nperformance of the proposed model on tasks such as sentiment analysis from\nmovie reviews, predicting business ratings from reviews and classifying news\narticles into topics. We find that the proposed approach matches or outperforms\na series of strong baselines and is more parameter efficient than comparable\nmulti-head approaches. We also perform qualitative analyses to verify that the\nproposed approach is interpretable and captures context-dependent word\nimportance.\n', ""  Transformer-based language models are applied to a wide range of applications\nin natural language processing. However, they are inefficient and difficult to\ndeploy. In recent years, many compression algorithms have been proposed to\nincrease the implementation efficiency of large Transformer-based models on\ntarget hardware. In this work we present a new method for training sparse\npre-trained Transformer language models by integrating weight pruning and model\ndistillation. These sparse pre-trained models can be used to transfer learning\nfor a wide range of tasks while maintaining their sparsity pattern. We\ndemonstrate our method with three known architectures to create sparse\npre-trained BERT-Base, BERT-Large and DistilBERT. We show how the compressed\nsparse pre-trained models we trained transfer their knowledge to five different\ndownstream natural language tasks with minimal accuracy loss. Moreover, we show\nhow to further compress the sparse models' weights to 8bit precision using\nquantization-aware training. For example, with our sparse pre-trained\nBERT-Large fine-tuned on SQuADv1.1 and quantized to 8bit we achieve a\ncompression ratio of $40$X for the encoder with less than $1\\%$ accuracy loss.\nTo the best of our knowledge, our results show the best compression-to-accuracy\nratio for BERT-Base, BERT-Large, and DistilBERT.\n"", '  Pre-trained language models (e.g., BERT (Devlin et al., 2018) and its\nvariants) have achieved remarkable success in varieties of NLP tasks. However,\nthese models usually consist of hundreds of millions of parameters which brings\nchallenges for fine-tuning and online serving in real-life applications due to\nlatency and capacity constraints. In this work, we present a simple and\neffective approach to compress large Transformer (Vaswani et al., 2017) based\npre-trained models, termed as deep self-attention distillation. The small model\n(student) is trained by deeply mimicking the self-attention module, which plays\na vital role in Transformer networks, of the large model (teacher).\nSpecifically, we propose distilling the self-attention module of the last\nTransformer layer of the teacher, which is effective and flexible for the\nstudent. Furthermore, we introduce the scaled dot-product between values in the\nself-attention module as the new deep self-attention knowledge, in addition to\nthe attention distributions (i.e., the scaled dot-product of queries and keys)\nthat have been used in existing works. Moreover, we show that introducing a\nteacher assistant (Mirzadeh et al., 2019) also helps the distillation of large\npre-trained Transformer models. Experimental results demonstrate that our\nmonolingual model outperforms state-of-the-art baselines in different parameter\nsize of student models. In particular, it retains more than 99% accuracy on\nSQuAD 2.0 and several GLUE benchmark tasks using 50% of the Transformer\nparameters and computations of the teacher model. We also obtain competitive\nresults in applying deep self-attention distillation to multilingual\npre-trained models.\n']"
7,1165,7_summarization_summaries_summary_abstractive,"['summarization', 'summaries', 'summary', 'abstractive', 'the', 'document', 'and', 'to', 'of', 'we']","['  Abstractive text summarization is one of the areas influenced by the\nemergence of pre-trained language models. Current pre-training works in\nabstractive summarization give more points to the summaries with more words in\ncommon with the main text and pay less attention to the semantic similarity\nbetween generated sentences and the original document. We propose ARMAN, a\nTransformer-based encoder-decoder model pre-trained with three novel objectives\nto address this issue. In ARMAN, salient sentences from a document are selected\naccording to a modified semantic score to be masked and form a pseudo summary.\nTo summarize more accurately and similar to human writing patterns, we applied\nmodified sentence reordering. We evaluated our proposed models on six\ndownstream Persian summarization tasks. Experimental results show that our\nproposed model achieves state-of-the-art performance on all six summarization\ntasks measured by ROUGE and BERTScore. Our models also outperform prior works\nin textual entailment, question paraphrasing, and multiple choice question\nanswering. Finally, we established a human evaluation and show that using the\nsemantic score significantly improves summarization results.\n', '  Abstractive text summarization aims at compressing the information of a long\nsource document into a rephrased, condensed summary. Despite advances in\nmodeling techniques, abstractive summarization models still suffer from several\nkey challenges: (i) layout bias: they overfit to the style of training corpora;\n(ii) limited abstractiveness: they are optimized to copying n-grams from the\nsource rather than generating novel abstractive summaries; (iii) lack of\ntransparency: they are not interpretable. In this work, we propose a framework\nbased on document-level structure induction for summarization to address these\nchallenges. To this end, we propose incorporating latent and explicit\ndependencies across sentences in the source document into end-to-end\nsingle-document summarization models. Our framework complements standard\nencoder-decoder summarization models by augmenting them with rich\nstructure-aware document representations based on implicitly learned (latent)\nstructures and externally-derived linguistic (explicit) structures. We show\nthat our summarization framework, trained on the CNN/DM dataset, improves the\ncoverage of content in the source documents, generates more abstractive\nsummaries by generating more novel n-grams, and incorporates interpretable\nsentence-level structures, while performing on par with standard baselines.\n', '  Text summarization is an approach for identifying important information\npresent within text documents. This computational technique aims to generate\nshorter versions of the source text, by including only the relevant and salient\ninformation present within the source text. In this paper, we propose a novel\nmethod to summarize a text document by clustering its contents based on latent\ntopics produced using topic modeling techniques and by generating extractive\nsummaries for each of the identified text clusters. All extractive\nsub-summaries are later combined to generate a summary for any given source\ndocument. We utilize the lesser used and challenging WikiHow dataset in our\napproach to text summarization. This dataset is unlike the commonly used news\ndatasets which are available for text summarization. The well-known news\ndatasets present their most important information in the first few lines of\ntheir source texts, which make their summarization a lesser challenging task\nwhen compared to summarizing the WikiHow dataset. Contrary to these news\ndatasets, the documents in the WikiHow dataset are written using a generalized\napproach and have lesser abstractedness and higher compression ratio, thus\nproposing a greater challenge to generate summaries. A lot of the current\nstate-of-the-art text summarization techniques tend to eliminate important\ninformation present in source documents in the favor of brevity. Our proposed\ntechnique aims to capture all the varied information present in source\ndocuments. Although the dataset proved challenging, after performing extensive\ntests within our experimental setup, we have discovered that our model produces\nencouraging ROUGE results and summaries when compared to the other published\nextractive and abstractive text summarization models.\n']"
8,1009,8_image_visual_multimodal_images,"['image', 'visual', 'multimodal', 'images', 'the', 'and', 'to', 'we', 'vision', 'of']","['  Combining the visual modality with pretrained language models has been\nsurprisingly effective for simple descriptive tasks such as image captioning.\nMore general text generation however remains elusive. We take a step back and\nask: How do these models work for more complex generative tasks, i.e.\nconditioning on both text and images? Are multimodal models simply visually\nadapted language models, or do they combine they reason jointly over\nmodalities?\n  We investigate these questions in the context of self-rationalization\n(jointly generating task labels/answers and free-text explanations) of three\ntasks: (i) visual question answering in VQA-X, (ii) visual commonsense\nreasoning in VCR, and (iii) visual-textual entailment in e-SNLI-VE. We show\nthat recent unimodal advances, CLIP image representations and scaling of\nlanguage models, do not consistently improve self-rationalization in multimodal\ntasks. We find that no single model type works universally best across tasks,\ndatasets, and finetuning data sizes. Our findings motivate the need for novel\ngeneral backbones approach that move text generation from images and text\nbeyond image captioning.\n', '  Representation learning is the foundation of natural language processing\n(NLP). This work presents new methods to employ visual information as assistant\nsignals to general NLP tasks. For each sentence, we first retrieve a flexible\nnumber of images either from a light topic-image lookup table extracted over\nthe existing sentence-image pairs or a shared cross-modal embedding space that\nis pre-trained on out-of-shelf text-image pairs. Then, the text and images are\nencoded by a Transformer encoder and convolutional neural network,\nrespectively. The two sequences of representations are further fused by an\nattention layer for the interaction of the two modalities. In this study, the\nretrieval process is controllable and flexible. The universal visual\nrepresentation overcomes the lack of large-scale bilingual sentence-image\npairs. Our method can be easily applied to text-only tasks without manually\nannotated multimodal parallel corpora. We apply the proposed method to a wide\nrange of natural language generation and understanding tasks, including neural\nmachine translation, natural language inference, and semantic similarity.\nExperimental results show that our method is generally effective for different\ntasks and languages. Analysis indicates that the visual signals enrich textual\nrepresentations of content words, provide fine-grained grounding information\nabout the relationship between concepts and events, and potentially conduce to\ndisambiguation.\n', '  With the aim of promoting and understanding the multilingual version of image\nsearch, we leverage visual object detection and propose a model with diverse\nmulti-head attention to learn grounded multilingual multimodal representations.\nSpecifically, our model attends to different types of textual semantics in two\nlanguages and visual objects for fine-grained alignments between sentences and\nimages. We introduce a new objective function which explicitly encourages\nattention diversity to learn an improved visual-semantic embedding space. We\nevaluate our model in the German-Image and English-Image matching tasks on the\nMulti30K dataset, and in the Semantic Textual Similarity task with the English\ndescriptions of visual content. Results show that our model yields a\nsignificant performance gain over other methods in all of the three tasks.\n']"
9,855,9_adversarial_attacks_attack_privacy,"['adversarial', 'attacks', 'attack', 'privacy', 'to', 'the', 'models', 'of', 'and', 'we']","[""  Large Language Models' safety remains a critical concern due to their\nvulnerability to adversarial attacks, which can prompt these systems to produce\nharmful responses. In the heart of these systems lies a safety classifier, a\ncomputational model trained to discern and mitigate potentially harmful,\noffensive, or unethical outputs. However, contemporary safety classifiers,\ndespite their potential, often fail when exposed to inputs infused with\nadversarial noise. In response, our study introduces the Adversarial Prompt\nShield (APS), a lightweight model that excels in detection accuracy and\ndemonstrates resilience against adversarial prompts. Additionally, we propose\nnovel strategies for autonomously generating adversarial training datasets,\nnamed Bot Adversarial Noisy Dialogue (BAND) datasets. These datasets are\ndesigned to fortify the safety classifier's robustness, and we investigate the\nconsequences of incorporating adversarial examples into the training process.\nThrough evaluations involving Large Language Models, we demonstrate that our\nclassifier has the potential to decrease the attack success rate resulting from\nadversarial attacks by up to 60%. This advancement paves the way for the next\ngeneration of more reliable and resilient conversational agents.\n"", '  Adversarial attacks and backdoor attacks are two common security threats that\nhang over deep learning. Both of them harness task-irrelevant features of data\nin their implementation. Text style is a feature that is naturally irrelevant\nto most NLP tasks, and thus suitable for adversarial and backdoor attacks. In\nthis paper, we make the first attempt to conduct adversarial and backdoor\nattacks based on text style transfer, which is aimed at altering the style of a\nsentence while preserving its meaning. We design an adversarial attack method\nand a backdoor attack method, and conduct extensive experiments to evaluate\nthem. Experimental results show that popular NLP models are vulnerable to both\nadversarial and backdoor attacks based on text style transfer -- the attack\nsuccess rates can exceed 90% without much effort. It reflects the limited\nability of NLP models to handle the feature of text style that has not been\nwidely realized. In addition, the style transfer-based adversarial and backdoor\nattack methods show superiority to baselines in many aspects. All the code and\ndata of this paper can be obtained at https://github.com/thunlp/StyleAttack.\n', '  In this paper, we present an approach to improve the robustness of BERT\nlanguage models against word substitution-based adversarial attacks by\nleveraging adversarial perturbations for self-supervised contrastive learning.\nWe create a word-level adversarial attack generating hard positives on-the-fly\nas adversarial examples during contrastive learning. In contrast to previous\nworks, our method improves model robustness without using any labeled data.\nExperimental results show that our method improves robustness of BERT against\nfour different word substitution-based adversarial attacks, and combining our\nmethod with adversarial training gives higher robustness than adversarial\ntraining alone. As our method improves the robustness of BERT purely with\nunlabeled data, it opens up the possibility of using large text datasets to\ntrain robust language models against word substitution-based adversarial\nattacks.\n']"
10,815,10_hate_offensive_speech_detection,"['hate', 'offensive', 'speech', 'detection', 'social', 'and', 'of', 'the', 'content', 'in']","['  Automatic hate speech detection in online social networks is an important\nopen problem in Natural Language Processing (NLP). Hate speech is a\nmultidimensional issue, strongly dependant on language and cultural factors.\nDespite its relevance, research on this topic has been almost exclusively\ndevoted to English. Most supervised learning resources, such as labeled\ndatasets and NLP tools, have been created for this same language. Considering\nthat a large portion of users worldwide speak in languages other than English,\nthere is an important need for creating efficient approaches for multilingual\nhate speech detection. In this work we propose to address the problem of\nmultilingual hate speech detection from the perspective of transfer learning.\nOur goal is to determine if knowledge from one particular language can be used\nto classify other language, and to determine effective ways to achieve this. We\npropose a hate specific data representation and evaluate its effectiveness\nagainst general-purpose universal representations most of which, unlike our\nproposed model, have been trained on massive amounts of data. We focus on a\ncross-lingual setting, in which one needs to classify hate speech in one\nlanguage without having access to any labeled data for that language. We show\nthat the use of our simple yet specific multilingual hate representations\nimproves classification results. We explain this with a qualitative analysis\nshowing that our specific representation is able to capture some common\npatterns in how hate speech presents itself in different languages.\n  Our proposal constitutes, to the best of our knowledge, the first attempt for\nconstructing multilingual specific-task representations. Despite its\nsimplicity, our model outperformed the previous approaches for most of the\nexperimental setups. Our findings can orient future solutions toward the use of\ndomain-specific representations.\n', ""  Detecting and classifying instances of hate in social media text has been a\nproblem of interest in Natural Language Processing in the recent years. Our\nwork leverages state of the art Transformer language models to identify hate\nspeech in a multilingual setting. Capturing the intent of a post or a comment\non social media involves careful evaluation of the language style, semantic\ncontent and additional pointers such as hashtags and emojis. In this paper, we\nlook at the problem of identifying whether a Twitter post is hateful and\noffensive or not. We further discriminate the detected toxic content into one\nof the following three classes: (a) Hate Speech (HATE), (b) Offensive (OFFN)\nand (c) Profane (PRFN). With a pre-trained multilingual Transformer-based text\nencoder at the base, we are able to successfully identify and classify hate\nspeech from multiple languages. On the provided testing corpora, we achieve\nMacro F1 scores of 90.29, 81.87 and 75.40 for English, German and Hindi\nrespectively while performing hate speech detection and of 60.70, 53.28 and\n49.74 during fine-grained classification. In our experiments, we show the\nefficacy of Perspective API features for hate speech classification and the\neffects of exploiting a multilingual training scheme. A feature selection study\nis provided to illustrate impacts of specific features upon the architecture's\nclassification head.\n"", ""  In recent years, the increasing propagation of hate speech on social media\nand the urgent need for effective counter-measures have drawn significant\ninvestment from governments, companies, and researchers. A large number of\nmethods have been developed for automated hate speech detection online. This\naims to classify textual content into non-hate or hate speech, in which case\nthe method may also identify the targeting characteristics (i.e., types of\nhate, such as race, and religion) in the hate speech. However, we notice\nsignificant difference between the performance of the two (i.e., non-hate v.s.\nhate). In this work, we argue for a focus on the latter problem for practical\nreasons. We show that it is a much more challenging task, as our analysis of\nthe language in the typical datasets shows that hate speech lacks unique,\ndiscriminative features and therefore is found in the 'long tail' in a dataset\nthat is difficult to discover. We then propose Deep Neural Network structures\nserving as feature extractors that are particularly effective for capturing the\nsemantics of hate speech. Our methods are evaluated on the largest collection\nof hate speech datasets based on Twitter, and are shown to be able to\noutperform the best performing method by up to 5 percentage points in\nmacro-average F1, or 8 percentage points in the more challenging case of\nidentifying hateful content.\n""]"
11,802,11_prompt_shot_tuning_few,"['prompt', 'shot', 'tuning', 'few', 'instruction', 'learning', 'tasks', 'icl', 'the', 'to']","['  Instruction tuning (IT) achieves impressive zero-shot generalization results\nby training large language models (LLMs) on a massive amount of diverse tasks\nwith instructions. However, how to select new tasks to improve the performance\nand generalizability of IT models remains an open question. Training on all\nexisting tasks is impractical due to prohibiting computation requirements, and\nrandomly selecting tasks can lead to suboptimal performance. In this work, we\npropose active instruction tuning based on prompt uncertainty, a novel\nframework to identify informative tasks, and then actively tune the models on\nthe selected tasks. We represent the informativeness of new tasks with the\ndisagreement of the current model outputs over perturbed prompts. Our\nexperiments on NIV2 and Self-Instruct datasets demonstrate that our method\nconsistently outperforms other baseline strategies for task selection,\nachieving better out-of-distribution generalization with fewer training tasks.\nAdditionally, we introduce a task map that categorizes and diagnoses tasks\nbased on prompt uncertainty and prediction probability. We discover that\ntraining on ambiguous (prompt-uncertain) tasks improves generalization while\ntraining on difficult (prompt-certain and low-probability) tasks offers no\nbenefit, underscoring the importance of task selection for instruction tuning.\n', '  Large pretrained language models (LMs) like BERT have improved performance in\nmany disparate natural language processing (NLP) tasks. However, fine tuning\nsuch models requires a large number of training examples for each target task.\nSimultaneously, many realistic NLP problems are ""few shot"", without a\nsufficiently large training set. In this work, we propose a novel conditional\nneural process-based approach for few-shot text classification that learns to\ntransfer from other diverse tasks with rich annotation. Our key idea is to\nrepresent each task using gradient information from a base model and to train\nan adaptation network that modulates a text classifier conditioned on the task\nrepresentation. While previous task-aware few-shot learners represent tasks by\ninput encoding, our novel task representation is more powerful, as the gradient\ncaptures input-output relationships of a task. Experimental results show that\nour approach outperforms traditional fine-tuning, sequential transfer learning,\nand state-of-the-art meta learning approaches on a collection of diverse\nfew-shot tasks. We further conducted analysis and ablations to justify our\ndesign choices.\n', '  As an effective approach to tune pre-trained language models (PLMs) for\nspecific tasks, prompt-learning has recently attracted much attention from\nresearchers. By using \\textit{cloze}-style language prompts to stimulate the\nversatile knowledge of PLMs, prompt-learning can achieve promising results on a\nseries of NLP tasks, such as natural language inference, sentiment\nclassification, and knowledge probing. In this work, we investigate the\napplication of prompt-learning on fine-grained entity typing in fully\nsupervised, few-shot and zero-shot scenarios. We first develop a simple and\neffective prompt-learning pipeline by constructing entity-oriented verbalizers\nand templates and conducting masked language modeling. Further, to tackle the\nzero-shot regime, we propose a self-supervised strategy that carries out\ndistribution-level optimization in prompt-learning to automatically summarize\nthe information of entity types. Extensive experiments on three fine-grained\nentity typing benchmarks (with up to 86 classes) under fully supervised,\nfew-shot and zero-shot settings show that prompt-learning methods significantly\noutperform fine-tuning baselines, especially when the training data is\ninsufficient.\n']"
12,793,12_news_fake_fact_the,"['news', 'fake', 'fact', 'the', 'and', 'of', 'claim', 'checking', 'detection', 'political']","[""  The proliferation of fake news and its propagation on social media has become\na major concern due to its ability to create devastating impacts. Different\nmachine learning approaches have been suggested to detect fake news. However,\nmost of those focused on a specific type of news (such as political) which\nleads us to the question of dataset-bias of the models used. In this research,\nwe conducted a benchmark study to assess the performance of different\napplicable machine learning approaches on three different datasets where we\naccumulated the largest and most diversified one. We explored a number of\nadvanced pre-trained language models for fake news detection along with the\ntraditional and deep learning ones and compared their performances from\ndifferent aspects for the first time to the best of our knowledge. We find that\nBERT and similar pre-trained models perform the best for fake news detection,\nespecially with very small dataset. Hence, these models are significantly\nbetter option for languages with limited electronic contents, i.e., training\ndata. We also carried out several analysis based on the models' performance,\narticle's topic, article's length, and discussed different lessons learned from\nthem. We believe that this benchmark study will help the research community to\nexplore further and news sites/blogs to select the most appropriate fake news\ndetection method.\n"", ""  With the development of social networks, fake news for various commercial and\npolitical purposes has been appearing in large numbers and gotten widespread in\nthe online world. With deceptive words, people can get infected by the fake\nnews very easily and will share them without any fact-checking. For instance,\nduring the 2016 US president election, various kinds of fake news about the\ncandidates widely spread through both official news media and the online social\nnetworks. These fake news is usually released to either smear the opponents or\nsupport the candidate on their side. The erroneous information in the fake news\nis usually written to motivate the voters' irrational emotion and enthusiasm.\nSuch kinds of fake news sometimes can bring about devastating effects, and an\nimportant goal in improving the credibility of online social networks is to\nidentify the fake news timely. In this paper, we propose to study the fake news\ndetection problem. Automatic fake news identification is extremely hard, since\npure model based fact-checking for news is still an open problem, and few\nexisting models can be applied to solve the problem. With a thorough\ninvestigation of a fake news data, lots of useful explicit features are\nidentified from both the text words and images used in the fake news. Besides\nthe explicit features, there also exist some hidden patterns in the words and\nimages used in fake news, which can be captured with a set of latent features\nextracted via the multiple convolutional layers in our model. A model named as\nTI-CNN (Text and Image information based Convolutinal Neural Network) is\nproposed in this paper. By projecting the explicit and latent features into a\nunified feature space, TI-CNN is trained with both the text and image\ninformation simultaneously. Extensive experiments carried on the real-world\nfake news datasets have demonstrate the effectiveness of TI-CNN.\n"", '  Massive dissemination of fake news and its potential to erode democracy has\nincreased the demand for accurate fake news detection. Recent advancements in\nthis area have proposed novel techniques that aim to detect fake news by\nexploring how it propagates on social networks. Nevertheless, to detect fake\nnews at an early stage, i.e., when it is published on a news outlet but not yet\nspread on social media, one cannot rely on news propagation information as it\ndoes not exist. Hence, there is a strong need to develop approaches that can\ndetect fake news by focusing on news content. In this paper, a theory-driven\nmodel is proposed for fake news detection. The method investigates news content\nat various levels: lexicon-level, syntax-level, semantic-level and\ndiscourse-level. We represent news at each level, relying on well-established\ntheories in social and forensic psychology. Fake news detection is then\nconducted within a supervised machine learning framework. As an\ninterdisciplinary research, our work explores potential fake news patterns,\nenhances the interpretability in fake news feature engineering, and studies the\nrelationships among fake news, deception/disinformation, and clickbaits.\nExperiments conducted on two real-world datasets indicate the proposed method\ncan outperform the state-of-the-art and enable fake news early detection when\nthere is limited content information.\n']"
13,756,13_lingual_languages_cross_multilingual,"['lingual', 'languages', 'cross', 'multilingual', 'language', 'transfer', 'we', 'in', 'the', 'on']","['  Existing zero-shot cross-lingual transfer methods rely on parallel corpora or\nbilingual dictionaries, which are expensive and impractical for low-resource\nlanguages. To disengage from these dependencies, researchers have explored\ntraining multilingual models on English-only resources and transferring them to\nlow-resource languages. However, its effect is limited by the gap between\nembedding clusters of different languages. To address this issue, we propose\nEmbedding-Push, Attention-Pull, and Robust targets to transfer English\nembeddings to virtual multilingual embeddings without semantic loss, thereby\nimproving cross-lingual transferability. Experimental results on mBERT and\nXLM-R demonstrate that our method significantly outperforms previous works on\nthe zero-shot cross-lingual text classification task and can obtain a better\nmultilingual alignment.\n', '  Zero-resource cross-lingual transfer approaches aim to apply supervised\nmodels from a source language to unlabelled target languages. In this paper we\nperform an in-depth study of the two main techniques employed so far for\ncross-lingual zero-resource sequence labelling, based either on data or model\ntransfer. Although previous research has proposed translation and annotation\nprojection (data-based cross-lingual transfer) as an effective technique for\ncross-lingual sequence labelling, in this paper we experimentally demonstrate\nthat high capacity multilingual language models applied in a zero-shot\n(model-based cross-lingual transfer) setting consistently outperform data-based\ncross-lingual transfer approaches. A detailed analysis of our results suggests\nthat this might be due to important differences in language use. More\nspecifically, machine translation often generates a textual signal which is\ndifferent to what the models are exposed to when using gold standard data,\nwhich affects both the fine-tuning and evaluation processes. Our results also\nindicate that data-based cross-lingual transfer approaches remain a competitive\noption when high-capacity multilingual language models are not available.\n', '  NLP systems typically require support for more than one language. As\ndifferent languages have different amounts of supervision, cross-lingual\ntransfer benefits languages with little to no training data by transferring\nfrom other languages. From an engineering perspective, multilingual NLP\nbenefits development and maintenance by serving multiple languages with a\nsingle system. Both cross-lingual transfer and multilingual NLP rely on\ncross-lingual representations serving as the foundation. As BERT revolutionized\nrepresentation learning and NLP, it also revolutionized cross-lingual\nrepresentations and cross-lingual transfer. Multilingual BERT was released as a\nreplacement for single-language BERT, trained with Wikipedia data in 104\nlanguages.\n  Surprisingly, without any explicit cross-lingual signal, multilingual BERT\nlearns cross-lingual representations in addition to representations for\nindividual languages. This thesis first shows such surprising cross-lingual\neffectiveness compared against prior art on various tasks. Naturally, it raises\na set of questions, most notably how do these multilingual encoders learn\ncross-lingual representations. In exploring these questions, this thesis will\nanalyze the behavior of multilingual models in a variety of settings on high\nand low resource languages. We also look at how to inject different\ncross-lingual signals into multilingual encoders, and the optimization behavior\nof cross-lingual transfer with these models. Together, they provide a better\nunderstanding of multilingual encoders on cross-lingual transfer. Our findings\nwill lead us to suggested improvements to multilingual encoders and\ncross-lingual transfer.\n']"
14,686,14_reasoning_llms_cot_math,"['reasoning', 'llms', 'cot', 'math', 'of', 'to', 'the', 'and', 'prompting', 'thought']","['  Although large language models (LLMs) have achieved excellent performance in\na variety of evaluation benchmarks, they still struggle in complex reasoning\ntasks which require specific knowledge and multi-hop reasoning. To improve the\nreasoning abilities, we propose ChatCoT, a tool-augmented chain-of-thought\nreasoning framework for chat-based LLMs (e.g., ChatGPT). In ChatCoT, we model\nthe chain-of-thought (CoT) reasoning as multi-turn conversations, to utilize\ntools in a more natural way through chatting. At each turn, LLMs can either\ninteract with tools or perform the reasoning. Our approach can effectively\nleverage the multi-turn conversation ability of chat-based LLMs, and integrate\nthe thought chain following and tools manipulation in a unified way. Specially,\nwe initialize the early turns of the conversation by the knowledge about tools,\ntasks, and reasoning format, and propose an iterative tool-augmented reasoning\nstep to perform step-by-step tool-augmented reasoning. The experiment results\non two complex reasoning datasets (MATH and HotpotQA) have shown the\neffectiveness of ChatCoT on complex reasoning tasks, achieving a 7.9% relative\nimprovement over the state-of-the-art baseline. Our code and data are available\nat: \\url{https://github.com/RUCAIBOX/ChatCoT}.\n', ""  As large language models (LLMs) perform more difficult tasks, it becomes\nharder to verify the correctness and safety of their behavior. One approach to\nhelp with this issue is to prompt LLMs to externalize their reasoning, e.g., by\nhaving them generate step-by-step reasoning as they answer a question\n(Chain-of-Thought; CoT). The reasoning may enable us to check the process that\nmodels use to perform tasks. However, this approach relies on the stated\nreasoning faithfully reflecting the model's actual reasoning, which is not\nalways the case. To improve over the faithfulness of CoT reasoning, we have\nmodels generate reasoning by decomposing questions into subquestions.\nDecomposition-based methods achieve strong performance on question-answering\ntasks, sometimes approaching that of CoT while improving the faithfulness of\nthe model's stated reasoning on several recently-proposed metrics. By forcing\nthe model to answer simpler subquestions in separate contexts, we greatly\nincrease the faithfulness of model-generated reasoning over CoT, while still\nachieving some of the performance gains of CoT. Our results show it is possible\nto improve the faithfulness of model-generated reasoning; continued\nimprovements may lead to reasoning that enables us to verify the correctness\nand safety of LLM behavior.\n"", ""  Large Language Models (LLMs) significantly benefit from Chain-of-Thought\n(CoT) prompting in performing various reasoning tasks. While CoT allows models\nto produce more comprehensive reasoning processes, its emphasis on intermediate\nreasoning steps can inadvertently introduce hallucinations and accumulated\nerrors, thereby limiting models' ability to solve complex reasoning tasks.\nInspired by how humans engage in careful and meticulous deductive logical\nreasoning processes to solve tasks, we seek to enable language models to\nperform explicit and rigorous deductive reasoning, and also ensure the\ntrustworthiness of their reasoning process through self-verification. However,\ndirectly verifying the validity of an entire deductive reasoning process is\nchallenging, even with advanced models like ChatGPT. In light of this, we\npropose to decompose a reasoning verification process into a series of\nstep-by-step subprocesses, each only receiving their necessary context and\npremises. To facilitate this procedure, we propose Natural Program, a natural\nlanguage-based deductive reasoning format. Our approach enables models to\ngenerate precise reasoning steps where subsequent steps are more rigorously\ngrounded on prior steps. It also empowers language models to carry out\nreasoning self-verification in a step-by-step manner. By integrating this\nverification process into each deductive reasoning stage, we significantly\nenhance the rigor and trustfulness of generated reasoning steps. Along this\nprocess, we also improve the answer correctness on complex reasoning tasks.\nCode will be released at https://github.com/lz1oceani/verify_cot.\n""]"
15,651,15_gender_bias_biases_in,"['gender', 'bias', 'biases', 'in', 'and', 'we', 'of', 'fairness', 'to', 'the']","['  As Natural Language Processing (NLP) and Machine Learning (ML) tools rise in\npopularity, it becomes increasingly vital to recognize the role they play in\nshaping societal biases and stereotypes. Although NLP models have shown success\nin modeling various applications, they propagate and may even amplify gender\nbias found in text corpora. While the study of bias in artificial intelligence\nis not new, methods to mitigate gender bias in NLP are relatively nascent. In\nthis paper, we review contemporary studies on recognizing and mitigating gender\nbias in NLP. We discuss gender bias based on four forms of representation bias\nand analyze methods recognizing gender bias. Furthermore, we discuss the\nadvantages and drawbacks of existing gender debiasing methods. Finally, we\ndiscuss future studies for recognizing and mitigating gender bias in NLP.\n', '  With the growing deployment of large language models (LLMs) across various\napplications, assessing the influence of gender biases embedded in LLMs becomes\ncrucial. The topic of gender bias within the realm of natural language\nprocessing (NLP) has gained considerable focus, particularly in the context of\nEnglish. Nonetheless, the investigation of gender bias in languages other than\nEnglish is still relatively under-explored and insufficiently analyzed. In this\nwork, We examine gender bias in LLMs-generated outputs for different languages.\nWe use three measurements: 1) gender bias in selecting descriptive words given\nthe gender-related context. 2) gender bias in selecting gender-related pronouns\n(she/he) given the descriptive words. 3) gender bias in the topics of\nLLM-generated dialogues. We investigate the outputs of the GPT series of LLMs\nin various languages using our three measurement methods. Our findings revealed\nsignificant gender biases across all the languages we examined.\n', '  Machine learning models are trained to find patterns in data. NLP models can\ninadvertently learn socially undesirable patterns when training on gender\nbiased text. In this work, we propose a general framework that decomposes\ngender bias in text along several pragmatic and semantic dimensions: bias from\nthe gender of the person being spoken about, bias from the gender of the person\nbeing spoken to, and bias from the gender of the speaker. Using this\nfine-grained framework, we automatically annotate eight large scale datasets\nwith gender information. In addition, we collect a novel, crowdsourced\nevaluation benchmark of utterance-level gender rewrites. Distinguishing between\ngender bias along multiple dimensions is important, as it enables us to train\nfiner-grained gender bias classifiers. We show our classifiers prove valuable\nfor a variety of important applications, such as controlling for gender bias in\ngenerative models, detecting gender bias in arbitrary text, and shed light on\noffensive language in terms of genderedness.\n']"
16,635,16_emotion_emotions_emotional_the,"['emotion', 'emotions', 'emotional', 'the', 'and', 'in', 'of', 'to', 'we', 'empathetic']","['  Perception and expression of emotion are key factors to the success of\ndialogue systems or conversational agents. However, this problem has not been\nstudied in large-scale conversation generation so far. In this paper, we\npropose Emotional Chatting Machine (ECM) that can generate appropriate\nresponses not only in content (relevant and grammatical) but also in emotion\n(emotionally consistent). To the best of our knowledge, this is the first work\nthat addresses the emotion factor in large-scale conversation generation. ECM\naddresses the factor using three new mechanisms that respectively (1) models\nthe high-level abstraction of emotion expressions by embedding emotion\ncategories, (2) captures the change of implicit internal emotion states, and\n(3) uses explicit emotion expressions with an external emotion vocabulary.\nExperiments show that the proposed model can generate responses appropriate not\nonly in content but also in emotion.\n', '  The long-standing goal of Artificial Intelligence (AI) has been to create\nhuman-like conversational systems. Such systems should have the ability to\ndevelop an emotional connection with the users, hence emotion recognition in\ndialogues is an important task. Emotion detection in dialogues is a challenging\ntask because humans usually convey multiple emotions with varying degrees of\nintensities in a single utterance. Moreover, emotion in an utterance of a\ndialogue may be dependent on previous utterances making the task more complex.\nEmotion recognition has always been in great demand. However, most of the\nexisting datasets for multi-label emotion and intensity detection in\nconversations are in English. To this end, we create a large conversational\ndataset in Hindi named EmoInHindi for multi-label emotion and intensity\nrecognition in conversations containing 1,814 dialogues with a total of 44,247\nutterances. We prepare our dataset in a Wizard-of-Oz manner for mental health\nand legal counselling of crime victims. Each utterance of the dialogue is\nannotated with one or more emotion categories from the 16 emotion classes\nincluding neutral, and their corresponding intensity values. We further propose\nstrong contextual baselines that can detect emotion(s) and the corresponding\nintensity of an utterance given the conversational context.\n', ""  Most research on emotion analysis from text focuses on the task of emotion\nclassification or emotion intensity regression. Fewer works address emotions as\na phenomenon to be tackled with structured learning, which can be explained by\nthe lack of relevant datasets. We fill this gap by releasing a dataset of 5000\nEnglish news headlines annotated via crowdsourcing with their associated\nemotions, the corresponding emotion experiencers and textual cues, related\nemotion causes and targets, as well as the reader's perception of the emotion\nof the headline. This annotation task is comparably challenging, given the\nlarge number of classes and roles to be identified. We therefore propose a\nmultiphase annotation procedure in which we first find relevant instances with\nemotional content and then annotate the more fine-grained aspects. Finally, we\ndevelop a baseline for the task of automatic prediction of semantic role\nstructures and discuss the results. The corpus we release enables further\nresearch on emotion classification, emotion intensity prediction, emotion cause\ndetection, and supports further qualitative studies.\n""]"
17,599,17_parsing_dependency_parser_parsers,"['parsing', 'dependency', 'parser', 'parsers', 'the', 'treebank', 'of', 'syntactic', 'and', 'we']","['  Syntactic parsing is a highly linguistic processing task whose parser\nrequires training on treebanks from the expensive human annotation. As it is\nunlikely to obtain a treebank for every human language, in this work, we\npropose an effective cross-lingual UD parsing framework for transferring parser\nfrom only one source monolingual treebank to any other target languages without\ntreebank available. To reach satisfactory parsing accuracy among quite\ndifferent languages, we introduce two language modeling tasks into dependency\nparsing as multi-tasking. Assuming only unlabeled data from target languages\nplus the source treebank can be exploited together, we adopt a self-training\nstrategy for further performance improvement in terms of our multi-task\nframework. Our proposed cross-lingual parsers are implemented for English,\nChinese, and 22 UD treebanks. The empirical study shows that our cross-lingual\nparsers yield promising results for all target languages, for the first time,\napproaching the parser performance which is trained in its own target treebank.\n', '  Syntactic and semantic parsing has been investigated for decades, which is\none primary topic in the natural language processing community. This article\naims for a brief survey on this topic. The parsing community includes many\ntasks, which are difficult to be covered fully. Here we focus on two of the\nmost popular formalizations of parsing: constituent parsing and dependency\nparsing. Constituent parsing is majorly targeted to syntactic analysis, and\ndependency parsing can handle both syntactic and semantic analysis. This\narticle briefly reviews the representative models of constituent parsing and\ndependency parsing, and also dependency graph parsing with rich semantics.\nBesides, we also review the closely-related topics such as cross-domain,\ncross-lingual and joint parsing models, parser application as well as corpus\ndevelopment of parsing in the article.\n', '  We reduce phrase-representation parsing to dependency parsing. Our reduction\nis grounded on a new intermediate representation, ""head-ordered dependency\ntrees"", shown to be isomorphic to constituent trees. By encoding order\ninformation in the dependency labels, we show that any off-the-shelf, trainable\ndependency parser can be used to produce constituents. When this parser is\nnon-projective, we can perform discontinuous parsing in a very natural manner.\nDespite the simplicity of our approach, experiments show that the resulting\nparsers are on par with strong baselines, such as the Berkeley parser for\nEnglish and the best single system in the SPMRL-2014 shared task. Results are\nparticularly striking for discontinuous parsing of German, where we surpass the\ncurrent state of the art by a wide margin.\n']"
18,542,18_relation_extraction_relations_re,"['relation', 'extraction', 'relations', 're', 'entity', 'the', 'to', 'entities', 'and', 'of']","['  Knowledge base provides a potential way to improve the intelligence of\ninformation retrieval (IR) systems, for that knowledge base has numerous\nrelations between entities which can help the IR systems to conduct inference\nfrom one entity to another entity. Relation extraction is one of the\nfundamental techniques to construct a knowledge base. Distant supervision is a\nsemi-supervised learning method for relation extraction which learns with\nlabeled and unlabeled data. However, this approach suffers the problem of\nrelation overlapping in which one entity tuple may have multiple relation\nfacts. We believe that relation types can have latent connections, which we\ncall class ties, and can be exploited to enhance relation extraction. However,\nthis property between relation classes has not been fully explored before. In\nthis paper, to exploit class ties between relations to improve relation\nextraction, we propose a general ranking based multi-label learning framework\ncombined with convolutional neural networks, in which ranking based loss\nfunctions with regularization technique are introduced to learn the latent\nconnections between relations. Furthermore, to deal with the problem of class\nimbalance in distant supervision relation extraction, we further adopt\ncost-sensitive learning to rescale the costs from the positive and negative\nlabels. Extensive experiments on a widely used dataset show the effectiveness\nof our model to exploit class ties and to relieve class imbalance problem.\n', '  Relation extraction is the task of identifying relation instance between two\nentities given a corpus whereas Knowledge base modeling is the task of\nrepresenting a knowledge base, in terms of relations between entities. This\npaper proposes an architecture for the relation extraction task that integrates\nsemantic information with knowledge base modeling in a novel manner. Existing\napproaches for relation extraction either do not utilize knowledge base\nmodelling or use separately trained KB models for the RE task. We present a\nmodel architecture that internalizes KB modeling in relation extraction. This\nmodel applies a novel approach to encode sentences into contextualized relation\nembeddings, which can then be used together with parameterized entity\nembeddings to score relation instances. The proposed CRE model achieves state\nof the art performance on datasets derived from The New York Times Annotated\nCorpus and FreeBase. The source code has been made available.\n', ""  Joint entity and relation extraction framework constructs a unified model to\nperform entity recognition and relation extraction simultaneously, which can\nexploit the dependency between the two tasks to mitigate the error propagation\nproblem suffered by the pipeline model. Current efforts on joint entity and\nrelation extraction focus on enhancing the interaction between entity\nrecognition and relation extraction through parameter sharing, joint decoding,\nor other ad-hoc tricks (e.g., modeled as a semi-Markov decision process, cast\nas a multi-round reading comprehension task). However, there are still two\nissues on the table. First, the interaction utilized by most methods is still\nweak and uni-directional, which is unable to model the mutual dependency\nbetween the two tasks. Second, relation triggers are ignored by most methods,\nwhich can help explain why humans would extract a relation in the sentence.\nThey're essential for relation extraction but overlooked. To this end, we\npresent a Trigger-Sense Memory Flow Framework (TriMF) for joint entity and\nrelation extraction. We build a memory module to remember category\nrepresentations learned in entity recognition and relation extraction tasks.\nAnd based on it, we design a multi-level memory flow attention mechanism to\nenhance the bi-directional interaction between entity recognition and relation\nextraction. Moreover, without any human annotations, our model can enhance\nrelation trigger information in a sentence through a trigger sensor module,\nwhich improves the model performance and makes model predictions with better\ninterpretation. Experiment results show that our proposed framework achieves\nstate-of-the-art results by improves the relation F1 to 52.44% (+3.2%) on\nSciERC, 66.49% (+4.9%) on ACE05, 72.35% (+0.6%) on CoNLL04 and 80.66% (+2.3%)\non ADE.\n""]"
19,524,19_generation_text_metrics_evaluation,"['generation', 'text', 'metrics', 'evaluation', 'nlg', 'the', 'to', 'and', 'we', 'human']","['  Natural language generation (NLG) spans a broad range of tasks, each of which\nserves for specific objectives and desires different properties of generated\ntext. The complexity makes automatic evaluation of NLG particularly\nchallenging. Previous work has typically focused on a single task and developed\nindividual evaluation metrics based on specific intuitions. In this paper, we\npropose a unifying perspective that facilitates the design of metrics for a\nwide range of language generation tasks and quality aspects. Based on the\nnature of information change from input to output, we classify NLG tasks into\ncompression (e.g., summarization), transduction (e.g., text rewriting), and\ncreation (e.g., dialog). The information alignment, or overlap, between input,\ncontext, and output text plays a common central role in characterizing the\ngeneration. Using the uniform concept of information alignment, we develop a\nfamily of interpretable metrics for various NLG tasks and aspects, often\nwithout need of gold reference data. To operationalize the metrics, we train\nself-supervised models to approximate information alignment as a prediction\ntask. Experiments show the uniformly designed metrics achieve stronger or\ncomparable correlations with human judgement compared to state-of-the-art\nmetrics in each of diverse tasks, including text summarization, style transfer,\nand knowledge-grounded dialog. With information alignment as the intermediate\nrepresentation, we deliver a composable library for easy NLG evaluation and\nfuture metric design.\n', '  Recent advances in large pre-trained language models have demonstrated strong\nresults in generating natural languages and significantly improved performances\nfor many natural language generation (NLG) applications such as machine\ntranslation and text summarization. However, when the generation tasks are more\nopen-ended and the content is under-specified, existing techniques struggle to\ngenerate long-term coherent and creative content. Moreover, the models exhibit\nand even amplify social biases that are learned from the training corpora. This\nhappens because the generation models are trained to capture the surface\npatterns (i.e. sequences of words), instead of capturing underlying semantics\nand discourse structures, as well as background knowledge including social\nnorms. In this paper, I introduce our recent works on controllable text\ngeneration to enhance the creativity and fairness of language generation\nmodels. We explore hierarchical generation and constrained decoding, with\napplications to creative language generation including story, poetry, and\nfigurative languages, and bias mitigation for generation models.\n', '  Automated evaluation of open domain natural language generation (NLG) models\nremains a challenge and widely used metrics such as BLEU and Perplexity can be\nmisleading in some cases. In our paper, we propose to evaluate natural language\ngeneration models by learning to compare a pair of generated sentences by\nfine-tuning BERT, which has been shown to have good natural language\nunderstanding ability. We also propose to evaluate the model-level quality of\nNLG models with sample-level comparison results with skill rating system. While\nable to be trained in a fully self-supervised fashion, our model can be further\nfine-tuned with a little amount of human preference annotation to better\nimitate human judgment. In addition to evaluating trained models, we propose to\napply our model as a performance indicator during training for better\nhyperparameter tuning and early-stopping. We evaluate our approach on both\nstory generation and chit-chat dialogue response generation. Experimental\nresults show that our model correlates better with human preference compared\nwith previous automated evaluation approaches. Training with the proposed\nmetric yields better performance in human evaluation, which further\ndemonstrates the effectiveness of the proposed model.\n']"
20,514,20_ner_entity_named_recognition,"['ner', 'entity', 'named', 'recognition', 'entities', 'the', 'and', 'in', 'of', 'to']","['  Named Entity Recognition (NER) is the task of identifying spans that\nrepresent entities in sentences. Whether the entity spans are nested or\ndiscontinuous, the NER task can be categorized into the flat NER, nested NER,\nand discontinuous NER subtasks. These subtasks have been mainly solved by the\ntoken-level sequence labelling or span-level classification. However, these\nsolutions can hardly tackle the three kinds of NER subtasks concurrently. To\nthat end, we propose to formulate the NER subtasks as an entity span sequence\ngeneration task, which can be solved by a unified sequence-to-sequence\n(Seq2Seq) framework. Based on our unified framework, we can leverage the\npre-trained Seq2Seq model to solve all three kinds of NER subtasks without the\nspecial design of the tagging schema or ways to enumerate spans. We exploit\nthree types of entity representations to linearize entities into a sequence.\nOur proposed framework is easy-to-implement and achieves state-of-the-art\n(SoTA) or near SoTA performance on eight English NER datasets, including two\nflat NER datasets, three nested NER datasets, and three discontinuous NER\ndatasets.\n', '  Named entity recognition (NER) is one of the tasks in natural language\nprocessing that can greatly benefit from the use of external knowledge sources.\nWe propose a named entity recognition framework composed of knowledge-based\nfeature extractors and a deep learning model including contextual word\nembeddings, long short-term memory (LSTM) layers and conditional random fields\n(CRF) inference layer. We use an entity linking module to integrate our system\nwith Wikipedia. The combination of effective neural architecture and external\nresources allows us to obtain state-of-the-art results on recognition of Polish\nproper names. We evaluate our model on data from PolEval 2018 NER challenge on\nwhich it outperforms other methods, reducing the error rate by 22.4% compared\nto the winning solution. Our work shows that combining neural NER model and\nentity linking model with a knowledge base is more effective in recognizing\nnamed entities than using NER model alone.\n', '  We study the named entity recognition (NER) problem under the extremely weak\nsupervision (XWS) setting, where only one example entity per type is given in a\ncontext-free way. While one can see that XWS is lighter than one-shot in terms\nof the amount of supervision, we propose a novel method X-NER that can\noutperform the state-of-the-art one-shot NER methods. We first mine entity\nspans that are similar to the example entities from an unlabelled training\ncorpus. Instead of utilizing entity span representations from language models,\nwe find it more effective to compare the context distributions before and after\nthe span is replaced by the entity example. We then leverage the top-ranked\nspans as pseudo-labels to train an NER tagger. Extensive experiments and\nanalyses on 4 NER datasets show the superior end-to-end NER performance of\nX-NER, outperforming the state-of-the-art few-shot methods with 1-shot\nsupervision and ChatGPT annotations significantly. Finally, our X-NER possesses\nseveral notable properties, such as inheriting the cross-lingual abilities of\nthe underlying language models.\n']"
21,435,21_event_events_extraction_temporal,"['event', 'events', 'extraction', 'temporal', 'causal', 'and', 'the', 'of', 'to', 'in']","['  Event Argument extraction refers to the task of extracting structured\ninformation from unstructured text for a particular event of interest. The\nexisting works exhibit poor capabilities to extract causal event arguments like\nReason and After Effects. Furthermore, most of the existing works model this\ntask at a sentence level, restricting the context to a local scope. While it\nmay be effective for short spans of text, for longer bodies of text such as\nnews articles, it has often been observed that the arguments for an event do\nnot necessarily occur in the same sentence as that containing an event trigger.\nTo tackle the issue of argument scattering across sentences, the use of global\ncontext becomes imperative in this task. In our work, we propose an external\nknowledge aided approach to infuse document-level event information to aid the\nextraction of complex event arguments. We develop a causal network for our\nevent-annotated dataset by extracting relevant event causal structures from\nConceptNet and phrases from Wikipedia. We use the extracted event causal\nfeatures in a bi-directional transformer encoder to effectively capture\nlong-range inter-sentence dependencies. We report the effectiveness of our\nproposed approach through both qualitative and quantitative analysis. In this\ntask, we establish our findings on an event annotated dataset in 5 Indian\nlanguages. This dataset adds further complexity to the task by labelling\narguments of entity type (like Time, Place) as well as more complex argument\ntypes (like Reason, After-Effect). Our approach achieves state-of-the-art\nperformance across all the five languages. Since our work does not rely on any\nlanguage-specific features, it can be easily extended to other languages.\n', '  Document-level event extraction is a long-standing challenging information\nretrieval problem involving a sequence of sub-tasks: entity extraction, event\ntype judgment, and event type-specific multi-event extraction. However,\naddressing the problem as multiple learning tasks leads to increased model\ncomplexity. Also, existing methods insufficiently utilize the correlation of\nentities crossing different events, resulting in limited event extraction\nperformance. This paper introduces a novel framework for document-level event\nextraction, incorporating a new data structure called token-event-role and a\nmulti-channel argument role prediction module. The proposed data structure\nenables our model to uncover the primary role of tokens in multiple events,\nfacilitating a more comprehensive understanding of event relationships. By\nleveraging the multi-channel prediction module, we transform entity and\nmulti-event extraction into a single task of predicting token-event pairs,\nthereby reducing the overall parameter size and enhancing model efficiency. The\nresults demonstrate that our approach outperforms the state-of-the-art method\nby 9.5 percentage points in terms of the F1 score, highlighting its superior\nperformance in event extraction. Furthermore, an ablation study confirms the\nsignificant value of the proposed data structure in improving event extraction\ntasks, further validating its importance in enhancing the overall performance\nof the framework.\n', '  Fully understanding narratives often requires identifying events in the\ncontext of whole documents and modeling the event relations. However,\ndocument-level event extraction is a challenging task as it requires the\nextraction of event and entity coreference, and capturing arguments that span\nacross different sentences. Existing works on event extraction usually confine\non extracting events from single sentences, which fail to capture the\nrelationships between the event mentions at the scale of a document, as well as\nthe event arguments that appear in a different sentence than the event trigger.\nIn this paper, we propose an end-to-end model leveraging Deep Value Networks\n(DVN), a structured prediction algorithm, to efficiently capture cross-event\ndependencies for document-level event extraction. Experimental results show\nthat our approach achieves comparable performance to CRF-based models on ACE05,\nwhile enjoys significantly higher computational efficiency.\n']"
22,419,22_agents_agent_game_games,"['agents', 'agent', 'game', 'games', 'language', 'to', 'the', 'and', 'in', 'environment']","['  Communication via natural language is a key aspect of machine intelligence,\nand it requires computational models to learn and reason about world concepts,\nwith varying levels of supervision. Significant progress has been made on\nfully-supervised non-interactive tasks, such as question-answering and\nprocedural text understanding. Yet, various sequential interactive tasks, as in\ntext-based games, have revealed limitations of existing approaches in terms of\ncoherence, contextual awareness, and their ability to learn effectively from\nthe environment. In this paper, we propose a knowledge-injection framework for\nimproved functional grounding of agents in text-based games. Specifically, we\nconsider two forms of domain knowledge that we inject into learning-based\nagents: memory of previous correct actions and affordances of relevant objects\nin the environment. Our framework supports two representative model classes:\nreinforcement learning agents and language model agents. Furthermore, we devise\nmultiple injection strategies for the above domain knowledge types and agent\narchitectures, including injection via knowledge graphs and augmentation of the\nexisting input encoding strategies. We experiment with four models on the 10\ntasks in the ScienceWorld text-based game environment, to illustrate the impact\nof knowledge injection on various model configurations and challenging task\nsettings. Our findings provide crucial insights into the interplay between task\nproperties, model architectures, and domain knowledge for interactive contexts.\n', ""  One of the final frontiers in the development of complex human - AI\ncollaborative systems is the ability of AI agents to comprehend the natural\nlanguage and perform tasks accordingly. However, training efficient\nReinforcement Learning (RL) agents grounded in natural language has been a\nlong-standing challenge due to the complexity and ambiguity of the language and\nsparsity of the rewards, among other factors. Several advances in reinforcement\nlearning, curriculum learning, continual learning, language models have\nindependently contributed to effective training of grounded agents in various\nenvironments. Leveraging these developments, we present a novel algorithm,\nGrounded Language Instruction through DEmonstration in RL (GLIDE-RL) that\nintroduces a teacher-instructor-student curriculum learning framework for\ntraining an RL agent capable of following natural language instructions that\ncan generalize to previously unseen language instructions. In this multi-agent\nframework, the teacher and the student agents learn simultaneously based on the\nstudent's current skill level. We further demonstrate the necessity for\ntraining the student agent with not just one, but multiple teacher agents.\nExperiments on a complex sparse reward environment validates the effectiveness\nof our proposed approach.\n"", '  This work presents an exploration and imitation-learning-based agent capable\nof state-of-the-art performance in playing text-based computer games.\nText-based computer games describe their world to the player through natural\nlanguage and expect the player to interact with the game using text. These\ngames are of interest as they can be seen as a testbed for language\nunderstanding, problem-solving, and language generation by artificial agents.\nMoreover, they provide a learning environment in which these skills can be\nacquired through interactions with an environment rather than using fixed\ncorpora. One aspect that makes these games particularly challenging for\nlearning agents is the combinatorially large action space. Existing methods for\nsolving text-based games are limited to games that are either very simple or\nhave an action space restricted to a predetermined set of admissible actions.\nIn this work, we propose to use the exploration approach of Go-Explore for\nsolving text-based games. More specifically, in an initial exploration phase,\nwe first extract trajectories with high rewards, after which we train a policy\nto solve the game by imitating these trajectories. Our experiments show that\nthis approach outperforms existing solutions in solving text-based games, and\nit is more sample efficient in terms of the number of interactions with the\nenvironment. Moreover, we show that the learned policy can generalize better\nthan existing solutions to unseen games without using any restriction on the\naction space.\n']"
23,386,23_sentiment_analysis_the_of,"['sentiment', 'analysis', 'the', 'of', 'and', 'classification', 'reviews', 'in', 'polarity', 'is']","['  Sentiment analysis or opinion mining help to illustrate the phrase NLP\n(Natural Language Processing). Sentiment analysis has been the most significant\ntopic in recent years. The goal of this study is to solve the sentiment\npolarity classification challenges in sentiment analysis. A broad technique for\ncategorizing sentiment opposition is presented, along with comprehensive\nprocess explanations. With the results of the analysis, both sentence-level\nclassification and review-level categorization are conducted. Finally, we\ndiscuss our plans for future sentiment analysis research.\n', '  Sentiment lexicons are instrumental for sentiment analysis. One can use a set\nof sentiment words provided in a sentiment lexicon and a lexicon-based\nclassifier to perform sentiment classification. One major issue with this\napproach is that many sentiment words are domain dependent. That is, they may\nbe positive in some domains but negative in some others. We refer to this\nproblem as domain polarity-changes of words. Detecting such words and\ncorrecting their sentiment for an application domain is very important. In this\npaper, we propose a graph-based technique to tackle this problem. Experimental\nresults show its effectiveness on multiple real-world datasets.\n', '  Sentiment analysis is the Natural Language Processing (NLP) task dealing with\nthe detection and classification of sentiments in texts. While some tasks deal\nwith identifying the presence of sentiment in the text (Subjectivity analysis),\nother tasks aim at determining the polarity of the text categorizing them as\npositive, negative and neutral. Whenever there is a presence of sentiment in\nthe text, it has a source (people, group of people or any entity) and the\nsentiment is directed towards some entity, object, event or person. Sentiment\nanalysis tasks aim to determine the subject, the target and the polarity or\nvalence of the sentiment. In our work, we try to automatically extract\nsentiment (positive or negative) from Facebook posts using a machine learning\napproach.While some works have been done in code-mixed social media data and in\nsentiment analysis separately, our work is the first attempt (as of now) which\naims at performing sentiment analysis of code-mixed social media text. We have\nused extensive pre-processing to remove noise from raw text. Multilayer\nPerceptron model has been used to determine the polarity of the sentiment. We\nhave also developed the corpus for this task by manually labeling Facebook\nposts with their associated sentiments.\n']"
24,384,24_health_social_depression_mental,"['health', 'social', 'depression', 'mental', 'media', 'covid', '19', 'tweets', 'of', 'and']","['  As the impact of technology on our lives is increasing, we witness increased\nuse of social media that became an essential tool not only for communication\nbut also for sharing information with community about our thoughts and\nfeelings. This can be observed also for people with mental health disorders\nsuch as depression where they use social media for expressing their thoughts\nand asking for help. This opens a possibility to automatically process social\nmedia posts and detect signs of depression. We build several large pre-trained\nlanguage model based classifiers for depression detection from social media\nposts. Besides fine-tuning BERT, RoBERTA, BERTweet, and mentalBERT were also\nconstruct two types of ensembles. We analyze the performance of our models on\ntwo data sets of posts from social platforms Reddit and Twitter, and\ninvestigate also the performance of transfer learning across the two data sets.\nThe results show that transformer ensembles improve over the single\ntransformer-based classifiers.\n', '  The COVID-19 pandemic has caused substantial damage to global health. Even\nthough three years have passed, the world continues to struggle with the virus.\nConcerns are growing about the impact of COVID-19 on the mental health of\ninfected individuals, who are more likely to experience depression, which can\nhave long-lasting consequences for both the affected individuals and the world.\nDetection and intervention at an early stage can reduce the risk of depression\nin COVID-19 patients. In this paper, we investigated the relationship between\nCOVID-19 infection and depression through social media analysis. Firstly, we\nmanaged a dataset of COVID-19 patients that contains information about their\nsocial media activity both before and after infection. Secondly,We conducted an\nextensive analysis of this dataset to investigate the characteristic of\nCOVID-19 patients with a higher risk of depression. Thirdly, we proposed a deep\nneural network for early prediction of depression risk. This model considers\ndaily mood swings as a psychiatric signal and incorporates textual and\nemotional characteristics via knowledge distillation. Experimental results\ndemonstrate that our proposed framework outperforms baselines in detecting\ndepression risk, with an AUROC of 0.9317 and an AUPRC of 0.8116. Our model has\nthe potential to enable public health organizations to initiate prompt\nintervention with high-risk patients\n', '  Depression is a widespread mental health issue, affecting an estimated 3.8%\nof the global population. It is also one of the main contributors to disability\nworldwide. Recently it is becoming popular for individuals to use social media\nplatforms (e.g., Reddit) to express their difficulties and health issues (e.g.,\ndepression) and seek support from other users in online communities. It opens\ngreat opportunities to automatically identify social media users with\ndepression by parsing millions of posts for potential interventions. Deep\nlearning methods have begun to dominate in the field of machine learning and\nnatural language processing (NLP) because of their ease of use, efficient\nprocessing, and state-of-the-art results on many NLP tasks. In this work, we\npropose a hybrid deep learning model which combines a pretrained sentence BERT\n(SBERT) and convolutional neural network (CNN) to detect individuals with\ndepression with their Reddit posts. The sentence BERT is used to learn the\nmeaningful representation of semantic information in each post. CNN enables the\nfurther transformation of those embeddings and the temporal identification of\nbehavioral patterns of users. We trained and evaluated the model performance to\nidentify Reddit users with depression by utilizing the Self-reported Mental\nHealth Diagnoses (SMHD) data. The hybrid deep learning model achieved an\naccuracy of 0.86 and an F1 score of 0.86 and outperformed the state-of-the-art\ndocumented result (F1 score of 0.79) by other machine learning models in the\nliterature. The results show the feasibility of the hybrid model to identify\nindividuals with depression. Although the hybrid model is validated to detect\ndepression with Reddit posts, it can be easily tuned and applied to other text\nclassification tasks and different clinical applications.\n']"
25,363,25_legal_the_of_law,"['legal', 'the', 'of', 'law', 'case', 'court', 'in', 'and', 'to', 'we']","['  Seeking legal advice is often expensive. Recent advancements in machine\nlearning for solving complex problems can be leveraged to help make legal\nservices more accessible to the public. However, real-life applications\nencounter significant challenges. State-of-the-art language models are growing\nincreasingly large, making parameter-efficient learning increasingly important.\nUnfortunately, parameter-efficient methods perform poorly with small amounts of\ndata, which are common in the legal domain (where data labelling costs are\nhigh). To address these challenges, we propose parameter-efficient legal domain\nadaptation, which uses vast unsupervised legal data from public legal forums to\nperform legal pre-training. This method exceeds or matches the fewshot\nperformance of existing models such as LEGAL-BERT on various legal tasks while\ntuning only approximately 0.1% of model parameters. Additionally, we show that\nour method can achieve calibration comparable to existing methods across\nseveral tasks. To the best of our knowledge, this work is among the first to\nexplore parameter-efficient methods of tuning language models in the legal\ndomain.\n', '  Large language models (LLMs) have transformed many fields, including natural\nlanguage processing, computer vision, and reinforcement learning. These models\nhave also made a significant impact in the field of law, where they are being\nincreasingly utilized to automate various legal tasks, such as legal judgement\nprediction, legal document analysis, and legal document writing. However, the\nintegration of LLMs into the legal field has also raised several legal\nproblems, including privacy concerns, bias, and explainability. In this survey,\nwe explore the integration of LLMs into the field of law. We discuss the\nvarious applications of LLMs in legal tasks, examine the legal challenges that\narise from their use, and explore the data resources that can be used to\nspecialize LLMs in the legal domain. Finally, we discuss several promising\ndirections and conclude this paper. By doing so, we hope to provide an overview\nof the current state of LLMs in law and highlight the potential benefits and\nchallenges of their integration.\n', '  General and legal domain LLMs have demonstrated strong performance in various\ntasks of LegalAI. However, the current evaluations of these LLMs in LegalAI are\ndefined by the experts of computer science, lacking consistency with the logic\nof legal practice, making it difficult to judge their practical capabilities.\nTo address this challenge, we are the first to build the Chinese legal LLMs\nbenchmark LAiW, based on the logic of legal practice. To align with the\nthinking process of legal experts and legal practice (syllogism), we divide the\nlegal capabilities of LLMs from easy to difficult into three levels: basic\ninformation retrieval, legal foundation inference, and complex legal\napplication. Each level contains multiple tasks to ensure a comprehensive\nevaluation. Through automated evaluation of current general and legal domain\nLLMs on our benchmark, we indicate that these LLMs may not align with the logic\nof legal practice. LLMs seem to be able to directly acquire complex legal\napplication capabilities but perform poorly in some basic tasks, which may pose\nobstacles to their practical application and acceptance by legal experts. To\nfurther confirm the complex legal application capabilities of current LLMs in\nlegal application scenarios, we also incorporate human evaluation with legal\nexperts. The results indicate that while LLMs may demonstrate strong\nperformance, they still require reinforcement of legal logic.\n']"
26,359,26_morphological_arabic_of_the,"['morphological', 'arabic', 'of', 'the', 'for', 'and', 'languages', 'in', 'is', 'word']","[""  We describe the NYU-CUBoulder systems for the SIGMORPHON 2020 Task 0 on\ntypologically diverse morphological inflection and Task 2 on unsupervised\nmorphological paradigm completion. The former consists of generating\nmorphological inflections from a lemma and a set of morphosyntactic features\ndescribing the target form. The latter requires generating entire paradigms for\na set of given lemmas from raw text alone. We model morphological inflection as\na sequence-to-sequence problem, where the input is the sequence of the lemma's\ncharacters with morphological tags, and the output is the sequence of the\ninflected form's characters. First, we apply a transformer model to the task.\nSecond, as inflected forms share most characters with the lemma, we further\npropose a pointer-generator transformer model to allow easy copying of input\ncharacters. Our best performing system for Task 0 is placed 6th out of 23\nsystems. We further use our inflection systems as subcomponents of approaches\nfor Task 2. Our best performing system for Task 2 is the 2nd best out of 7\nsubmissions.\n"", '  Due to the fact that Korean is a highly agglutinative, character-rich\nlanguage, previous work on Korean morphological analysis typically employs the\nuse of sub-character features known as graphemes or otherwise utilizes\ncomprehensive prior linguistic knowledge (i.e., a dictionary of known\nmorphological transformation forms, or actions). These models have been created\nwith the assumption that character-level, dictionary-less morphological\nanalysis was intractable due to the number of actions required. We present, in\nthis study, a multi-stage action-based model that can perform morphological\ntransformation and part-of-speech tagging using arbitrary units of input and\napply it to the case of character-level Korean morphological analysis. Among\nmodels that do not employ prior linguistic knowledge, we achieve\nstate-of-the-art word and sentence-level tagging accuracy with the Sejong\nKorean corpus using our proposed data-driven Bi-LSTM model.\n', '  Agglutinative languages such as Turkish, Finnish and Hungarian require\nmorphological disambiguation before further processing due to the complex\nmorphology of words. A morphological disambiguator is used to select the\ncorrect morphological analysis of a word. Morphological disambiguation is\nimportant because it generally is one of the first steps of natural language\nprocessing and its performance affects subsequent analyses. In this paper, we\npropose a system that uses deep learning techniques for morphological\ndisambiguation. Many of the state-of-the-art results in computer vision, speech\nrecognition and natural language processing have been obtained through deep\nlearning models. However, applying deep learning techniques to morphologically\nrich languages is not well studied. In this work, while we focus on Turkish\nmorphological disambiguation we also present results for French and German in\norder to show that the proposed architecture achieves high accuracy with no\nlanguage-specific feature engineering or additional resource. In the\nexperiments, we achieve 84.12, 88.35 and 93.78 morphological disambiguation\naccuracy among the ambiguous words for Turkish, German and French respectively.\n']"
27,319,27_aspect_sentiment_absa_opinion,"['aspect', 'sentiment', 'absa', 'opinion', 'analysis', 'the', 'aspects', 'based', 'polarity', 'to']","['  Aspect-based sentiment analysis (ABSA) task aim at associating a piece of\ntext with a set of aspects and meanwhile infer their respective sentimental\npolarities. The state-of-the-art approaches are built upon fine-tuning of\nvarious pre-trained language models. They commonly attempt to learn\naspect-specific representation from the corpus. Unfortunately, the aspect is\noften expressed implicitly through a set of representatives and thus renders\nimplicit mapping process unattainable unless sufficient labeled examples are\navailable. However, high-quality labeled examples may not be readily available\nin real-world scenarios. In this paper, we propose to jointly address aspect\ncategorization and aspect-based sentiment subtasks in a unified framework.\nSpecifically, we first introduce a simple but effective mechanism to construct\nan auxiliary-sentence for the implicit aspect based on the semantic information\nin the corpus. Then, we encourage BERT to learn the aspect-specific\nrepresentation in response to the automatically constructed auxiliary-sentence\ninstead of the aspect itself. Finally, we empirically evaluate the performance\nof the proposed solution by a comparative study on real benchmark datasets for\nboth ABSA and Targeted-ABSA tasks. Our extensive experiments show that it\nconsistently achieves state-of-the-art performance in terms of aspect\ncategorization and aspect-based sentiment across all datasets and the\nimprovement margins are considerable. The code of BERT-ASC is available in\nGitHub: https://github.com/amurtadha/BERT-ASC.\n', ""  Aspect-level sentiment classification (ALSC) aims at identifying the\nsentiment polarity of a specified aspect in a sentence. ALSC is a practical\nsetting in aspect-based sentiment analysis due to no opinion term labeling\nneeded, but it fails to interpret why a sentiment polarity is derived for the\naspect. To address this problem, recent works fine-tune pre-trained Transformer\nencoders for ALSC to extract an aspect-centric dependency tree that can locate\nthe opinion words. However, the induced opinion words only provide an intuitive\ncue far below human-level interpretability. Besides, the pre-trained encoder\ntends to internalize an aspect's intrinsic sentiment, causing sentiment bias\nand thus affecting model performance. In this paper, we propose a span-based\nanti-bias aspect representation learning framework. It first eliminates the\nsentiment bias in the aspect embedding by adversarial learning against aspects'\nprior sentiment. Then, it aligns the distilled opinion candidates with the\naspect by span-based dependency modeling to highlight the interpretable opinion\nterms. Our method achieves new state-of-the-art performance on five benchmarks,\nwith the capability of unsupervised opinion extraction.\n"", '  This paper describes our deep learning-based approach to multilingual\naspect-based sentiment analysis as part of SemEval 2016 Task 5. We use a\nconvolutional neural network (CNN) for both aspect extraction and aspect-based\nsentiment analysis. We cast aspect extraction as a multi-label classification\nproblem, outputting probabilities over aspects parameterized by a threshold. To\ndetermine the sentiment towards an aspect, we concatenate an aspect vector with\nevery word embedding and apply a convolution over it. Our constrained system\n(unconstrained for English) achieves competitive results across all languages\nand domains, placing first or second in 5 and 7 out of 11 language-domain pairs\nfor aspect category detection (slot 1) and sentiment polarity (slot 3)\nrespectively, thereby demonstrating the viability of a deep learning-based\napproach for multilingual aspect-based sentiment analysis.\n']"
28,316,28_explanations_explanation_rationales_the,"['explanations', 'explanation', 'rationales', 'the', 'to', 'model', 'we', 'that', 'of', 'rationale']","['  Training a model with access to human explanations can improve data\nefficiency and model performance on in- and out-of-domain data. Adding to these\nempirical findings, similarity with the process of human learning makes\nlearning from explanations a promising way to establish a fruitful\nhuman-machine interaction. Several methods have been proposed for improving\nnatural language processing (NLP) models with human explanations, that rely on\ndifferent explanation types and mechanism for integrating these explanations\ninto the learning process. These methods are rarely compared with each other,\nmaking it hard for practitioners to choose the best combination of explanation\ntype and integration mechanism for a specific use-case. In this paper, we give\nan overview of different methods for learning from human explanations, and\ndiscuss different factors that can inform the decision of which method to\nchoose for a specific use-case.\n', '  There has been significant debate in the NLP community about whether or not\nattention weights can be used as an explanation - a mechanism for interpreting\nhow important each input token is for a particular prediction. The validity of\n""attention as explanation"" has so far been evaluated by computing the rank\ncorrelation between attention-based explanations and existing feature\nattribution explanations using LSTM-based models. In our work, we (i) compare\nthe rank correlation between five more recent feature attribution methods and\ntwo attention-based methods, on two types of NLP tasks, and (ii) extend this\nanalysis to also include transformer-based models. We find that attention-based\nexplanations do not correlate strongly with any recent feature attribution\nmethods, regardless of the model or task. Furthermore, we find that none of the\ntested explanations correlate strongly with one another for the\ntransformer-based model, leading us to question the underlying assumption that\nwe should measure the validity of attention-based explanations based on how\nwell they correlate with existing feature attribution explanation methods.\nAfter conducting experiments on five datasets using two different models, we\nargue that the community should stop using rank correlation as an evaluation\nmetric for attention-based explanations. We suggest that researchers and\npractitioners should instead test various explanation methods and employ a\nhuman-in-the-loop process to determine if the explanations align with human\nintuition for the particular use case at hand.\n', '  Recently generating natural language explanations has shown very promising\nresults in not only offering interpretable explanations but also providing\nadditional information and supervision for prediction. However, existing\napproaches usually require a large set of human annotated explanations for\ntraining while collecting a large set of explanations is not only time\nconsuming but also expensive. In this paper, we develop a general framework for\ninterpretable natural language understanding that requires only a small set of\nhuman annotated explanations for training. Our framework treats natural\nlanguage explanations as latent variables that model the underlying reasoning\nprocess of a neural model. We develop a variational EM framework for\noptimization where an explanation generation module and an\nexplanation-augmented prediction module are alternatively optimized and\nmutually enhance each other. Moreover, we further propose an explanation-based\nself-training method under this framework for semi-supervised learning. It\nalternates between assigning pseudo-labels to unlabeled data and generating new\nexplanations to iteratively improve each other. Experiments on two natural\nlanguage understanding tasks demonstrate that our framework can not only make\neffective predictions in both supervised and semi-supervised settings, but also\ngenerate good natural language explanation.\n']"
29,299,29_topic_topics_document_documents,"['topic', 'topics', 'document', 'documents', 'lda', 'of', 'the', 'latent', 'clustering', 'modeling']","['  A popular approach to topic modeling involves extracting co-occurring n-grams\nof a corpus into semantic themes. The set of n-grams in a theme represents an\nunderlying topic, but most topic modeling approaches are not able to label\nthese sets of words with a single n-gram. Such labels are useful for topic\nidentification in summarization systems. This paper introduces a novel approach\nto labeling a group of n-grams comprising an individual topic. The approach\ntaken is to complement the existing topic distributions over words with a known\ndistribution based on a predefined set of topics. This is done by integrating\nexisting labeled knowledge sources representing known potential topics into the\nprobabilistic topic model. These knowledge sources are translated into a\ndistribution and used to set the hyperparameters of the Dirichlet generated\ndistribution over words. In the inference these modified distributions guide\nthe convergence of the latent topics to conform with the complementary\ndistributions. This approach ensures that the topic inference process is\nconsistent with existing knowledge. The label assignment from the complementary\nknowledge sources are then transferred to the latent topics of the corpus. The\nresults show both accurate label assignment to topics as well as improved topic\ngeneration than those obtained using various labeling approaches based off\nLatent Dirichlet allocation (LDA).\n', '  Though word embeddings and topics are complementary representations, several\npast works have only used pre-trained word embeddings in (neural) topic\nmodeling to address data sparsity problem in short text or small collection of\ndocuments. However, no prior work has employed (pre-trained latent) topics in\ntransfer learning paradigm. In this paper, we propose an approach to (1)\nperform knowledge transfer using latent topics obtained from a large source\ncorpus, and (2) jointly transfer knowledge via the two representations (or\nviews) in neural topic modeling to improve topic quality, better deal with\npolysemy and data sparsity issues in a target corpus. In doing so, we first\naccumulate topics and word representations from one or many source corpora to\nbuild a pool of topics and word vectors. Then, we identify one or multiple\nrelevant source domain(s) and take advantage of corresponding topics and word\nfeatures via the respective pools to guide meaningful learning in the sparse\ntarget domain. We quantify the quality of topic and document representations\nvia generalization (perplexity), interpretability (topic coherence) and\ninformation retrieval (IR) using short-text, long-text, small and large\ndocument collections from news and medical domains. We have demonstrated the\nstate-of-the-art results on topic modeling with the proposed framework.\n', '  Topic models have been the prominent tools for automatic topic discovery from\ntext corpora. Despite their effectiveness, topic models suffer from several\nlimitations including the inability of modeling word ordering information in\ndocuments, the difficulty of incorporating external linguistic knowledge, and\nthe lack of both accurate and efficient inference methods for approximating the\nintractable posterior. Recently, pretrained language models (PLMs) have brought\nastonishing performance improvements to a wide variety of tasks due to their\nsuperior representations of text. Interestingly, there have not been standard\napproaches to deploy PLMs for topic discovery as better alternatives to topic\nmodels. In this paper, we begin by analyzing the challenges of using PLM\nrepresentations for topic discovery, and then propose a joint latent space\nlearning and clustering framework built upon PLM embeddings. In the latent\nspace, topic-word and document-topic distributions are jointly modeled so that\nthe discovered topics can be interpreted by coherent and distinctive terms and\nmeanwhile serve as meaningful summaries of the documents. Our model effectively\nleverages the strong representation power and superb linguistic features\nbrought by PLMs for topic discovery, and is conceptually simpler than topic\nmodels. On two benchmark datasets in different domains, our model generates\nsignificantly more coherent and diverse topics than strong topic models, and\noffers better topic-wise document representations, based on both automatic and\nhuman evaluations.\n']"
30,248,30_knowledge_graph_kg_entities,"['knowledge', 'graph', 'kg', 'entities', 'graphs', 'embedding', 'entity', 'kgs', 'completion', 'kgc']","[""  Knowledge graphs (KGs) consisting of triples are always incomplete, so it's\nimportant to do Knowledge Graph Completion (KGC) by predicting missing triples.\nMulti-Source KG is a common situation in real KG applications which can be\nviewed as a set of related individual KGs where different KGs contains\nrelations of different aspects of entities. It's intuitive that, for each\nindividual KG, its completion could be greatly contributed by the triples\ndefined and labeled in other ones. However, because of the data privacy and\nsensitivity, a set of relevant knowledge graphs cannot complement each other's\nKGC by just collecting data from different knowledge graphs together.\nTherefore, in this paper, we introduce federated setting to keep their privacy\nwithout triple transferring between KGs and apply it in embedding knowledge\ngraph, a typical method which have proven effective for KGC in the past decade.\nWe propose a Federated Knowledge Graph Embedding framework FedE, focusing on\nlearning knowledge graph embeddings by aggregating locally-computed updates.\nFinally, we conduct extensive experiments on datasets derived from KGE\nbenchmark datasets and results show the effectiveness of our proposed FedE.\n"", '  Knowledge graphs are important resources for many artificial intelligence\ntasks but often suffer from incompleteness. In this work, we propose to use\npre-trained language models for knowledge graph completion. We treat triples in\nknowledge graphs as textual sequences and propose a novel framework named\nKnowledge Graph Bidirectional Encoder Representations from Transformer\n(KG-BERT) to model these triples. Our method takes entity and relation\ndescriptions of a triple as input and computes scoring function of the triple\nwith the KG-BERT language model. Experimental results on multiple benchmark\nknowledge graphs show that our method can achieve state-of-the-art performance\nin triple classification, link prediction and relation prediction tasks.\n', '  The ability of knowledge graphs to represent complex relationships at scale\nhas led to their adoption for various needs including knowledge representation,\nquestion-answering, and recommendation systems. Knowledge graphs are often\nincomplete in the information they represent, necessitating the need for\nknowledge graph completion tasks. Pre-trained and fine-tuned language models\nhave shown promise in these tasks although these models ignore the intrinsic\ninformation encoded in the knowledge graph, namely the entity and relation\ntypes. In this work, we propose the Knowledge Graph Language Model (KGLM)\narchitecture, where we introduce a new entity/relation embedding layer that\nlearns to differentiate distinctive entity and relation types, therefore\nallowing the model to learn the structure of the knowledge graph. In this work,\nwe show that further pre-training the language models with this additional\nembedding layer using the triples extracted from the knowledge graph, followed\nby the standard fine-tuning phase sets a new state-of-the-art performance for\nthe link prediction task on the benchmark datasets.\n']"
31,237,31_gec_correction_error_grammatical,"['gec', 'correction', 'error', 'grammatical', 'spelling', 'errors', 'chinese', 'the', 'csc', 'and']","['  In Grammatical Error Correction (GEC), sequence labeling models enjoy fast\ninference compared to sequence-to-sequence models; however, inference in\nsequence labeling GEC models is an iterative process, as sentences are passed\nto the model for multiple rounds of correction, which exposes the model to\nsentences with progressively fewer errors at each round. Traditional GEC models\nlearn from sentences with fixed error rates. Coupling this with the iterative\ncorrection process causes a mismatch between training and inference that\naffects final performance. In order to address this mismatch, we propose a\nGAN-like sequence labeling model, which consists of a grammatical error\ndetector as a discriminator and a grammatical error labeler with Gumbel-Softmax\nsampling as a generator. By sampling from real error distributions, our errors\nare more genuine compared to traditional synthesized GEC errors, thus\nalleviating the aforementioned mismatch and allowing for better training. Our\nresults on several evaluation benchmarks demonstrate that our proposed approach\nis effective and improves the previous state-of-the-art baseline.\n', '  Grammatical Error Correction (GEC) is a task of detecting and correcting\ngrammatical errors in sentences. Recently, neural machine translation systems\nhave become popular approaches for this task. However, these methods lack the\nuse of syntactic knowledge which plays an important role in the correction of\ngrammatical errors. In this work, we propose a syntax-guided GEC model (SG-GEC)\nwhich adopts the graph attention mechanism to utilize the syntactic knowledge\nof dependency trees. Considering the dependency trees of the grammatically\nincorrect source sentences might provide incorrect syntactic knowledge, we\npropose a dependency tree correction task to deal with it. Combining with data\naugmentation method, our model achieves strong performances without using any\nlarge pre-trained models. We evaluate our model on public benchmarks of GEC\ntask and it achieves competitive results.\n', '  Large-scale language models (LLMs) has shown remarkable capability in various\nof Natural Language Processing (NLP) tasks and attracted lots of attention\nrecently. However, some studies indicated that large language models fail to\nachieve promising result beyond the state-of-the-art models in English\ngrammatical error correction (GEC) tasks. In this report, we aim to explore the\nhow large language models perform on Chinese grammatical error correction tasks\nand provide guidance for future work. We conduct experiments with 3 different\nLLMs of different model scale on 4 Chinese GEC dataset. Our experimental\nresults indicate that the performances of LLMs on automatic evaluation metrics\nfalls short of the previous sota models because of the problem of\nover-correction. Furthermore, we also discover notable variations in the\nperformance of LLMs when evaluated on different data distributions. Our\nfindings demonstrates that further investigation is required for the\napplication of LLMs on Chinese GEC task.\n']"
32,219,32_sql_queries_query_to,"['sql', 'queries', 'query', 'to', 'database', 'schema', 'spider', 'text', 'parsing', 'the']","['  One impressive emergent capability of large language models (LLMs) is\ngeneration of code, including Structured Query Language (SQL) for databases.\nFor the task of converting natural language text to SQL queries, Text-to-SQL,\nadaptation of LLMs is of paramount importance, both in in-context learning and\nfine-tuning settings, depending on the amount of adaptation data used. In this\npaper, we propose an LLM-based Text-to-SQL model SQL-PaLM, leveraging on\nPaLM-2, that pushes the state-of-the-art in both settings. Few-shot SQL-PaLM is\nbased on an execution-based self-consistency prompting approach designed for\nText-to-SQL, and achieves 77.3% in test-suite accuracy on Spider, which to our\nbest knowledge is the first to outperform previous state-of-the-art with\nfine-tuning by a significant margin, 4%. Furthermore, we demonstrate that the\nfine-tuned SQL-PALM outperforms it further by another 1%. Towards applying\nSQL-PaLM to real-world scenarios we further evaluate its robustness on other\nchallenging variants of Spider and demonstrate the superior generalization\ncapability of SQL-PaLM. In addition, via extensive case studies, we demonstrate\nthe impressive intelligent capabilities and various success enablers of\nLLM-based Text-to-SQL.\n', ""  To access data stored in relational databases, users need to understand the\ndatabase schema and write a query using a query language such as SQL. To\nsimplify this task, text-to-SQL models attempt to translate a user's natural\nlanguage question to corresponding SQL query. Recently, several generative\ntext-to-SQL models have been developed. We propose a novel discriminative\nre-ranker to improve the performance of generative text-to-SQL models by\nextracting the best SQL query from the beam output predicted by the text-to-SQL\ngenerator, resulting in improved performance in the cases where the best query\nwas in the candidate list, but not at the top of the list. We build the\nre-ranker as a schema agnostic BERT fine-tuned classifier. We analyze relative\nstrengths of the text-to-SQL and re-ranker models across different query\nhardness levels, and suggest how to combine the two models for optimal\nperformance. We demonstrate the effectiveness of the re-ranker by applying it\nto two state-of-the-art text-to-SQL models, and achieve top 4 score on the\nSpider leaderboard at the time of writing this article.\n"", '  Text-to-SQL parsing is an essential and challenging task. The goal of\ntext-to-SQL parsing is to convert a natural language (NL) question to its\ncorresponding structured query language (SQL) based on the evidences provided\nby relational databases. Early text-to-SQL parsing systems from the database\ncommunity achieved a noticeable progress with the cost of heavy human\nengineering and user interactions with the systems. In recent years, deep\nneural networks have significantly advanced this task by neural generation\nmodels, which automatically learn a mapping function from an input NL question\nto an output SQL query. Subsequently, the large pre-trained language models\nhave taken the state-of-the-art of the text-to-SQL parsing task to a new level.\nIn this survey, we present a comprehensive review on deep learning approaches\nfor text-to-SQL parsing. First, we introduce the text-to-SQL parsing corpora\nwhich can be categorized as single-turn and multi-turn. Second, we provide a\nsystematical overview of pre-trained language models and existing methods for\ntext-to-SQL parsing. Third, we present readers with the challenges faced by\ntext-to-SQL parsing and explore some potential future directions in this field.\n']"
33,211,33_coreference_resolution_mentions_mention,"['coreference', 'resolution', 'mentions', 'mention', 'event', 'the', 'of', 'anaphora', 'for', 'and']","['  Coreference resolution is the task of finding expressions that refer to the\nsame entity in a text. Coreference models are generally trained on monolingual\nannotated data but annotating coreference is expensive and challenging.\nHardmeier et al.(2013) have shown that parallel data contains latent anaphoric\nknowledge, but it has not been explored in end-to-end neural models yet. In\nthis paper, we propose a simple yet effective model to exploit coreference\nknowledge from parallel data. In addition to the conventional modules learning\ncoreference from annotations, we introduce an unsupervised module to capture\ncross-lingual coreference knowledge. Our proposed cross-lingual model achieves\nconsistent improvements, up to 1.74 percentage points, on the OntoNotes 5.0\nEnglish dataset using 9 different synthetic parallel datasets. These\nexperimental results confirm that parallel data can provide additional\ncoreference knowledge which is beneficial to coreference resolution tasks.\n', '  Coreference resolution is the task of identifying and grouping mentions\nreferring to the same real-world entity. Previous neural models have mainly\nfocused on learning span representations and pairwise scores for coreference\ndecisions. However, current methods do not explicitly capture the referential\nchoice in the hierarchical discourse, an important factor in coreference\nresolution. In this study, we propose a new approach that incorporates\nrhetorical information into neural coreference resolution models. We collect\nrhetorical features from automated discourse parses and examine their impact.\nAs a base model, we implement an end-to-end span-based coreference resolver\nusing a partially fine-tuned multilingual entity-aware language model LUKE. We\nevaluate our method on the RuCoCo-23 Shared Task for coreference resolution in\nRussian. Our best model employing rhetorical distance between mentions has\nranked 1st on the development set (74.6% F1) and 2nd on the test set (73.3% F1)\nof the Shared Task. We hope that our work will inspire further research on\nincorporating discourse information in neural coreference resolution models.\n', '  A coreference resolution system is to cluster all mentions that refer to the\nsame entity in a given context. All coreference resolution systems need to\ntackle two main tasks: one task is to detect all of the potential mentions, and\nthe other is to learn the linking of an antecedent for each possible mention.\nIn this paper, we propose a hybrid rule-neural coreference resolution system\nbased on actor-critic learning, such that it can achieve better coreference\nperformance by leveraging the advantages from both the heuristic rules and a\nneural conference model. This end-to-end system can also perform both mention\ndetection and resolution by leveraging a joint training algorithm. We\nexperiment on the BERT model to generate input span representations. Our model\nwith the BERT span representation achieves the state-of-the-art performance\namong the models on the CoNLL-2012 Shared Task English Test Set.\n']"
34,210,34_commonsense_knowledge_reasoning_to,"['commonsense', 'knowledge', 'reasoning', 'to', 'that', 'and', 'models', 'we', 'the', 'on']","[""  The common practice for training commonsense models has gone\nfrom-human-to-corpus-to-machine: humans author commonsense knowledge graphs in\norder to train commonsense models. In this work, we investigate an alternative,\nfrom-machine-to-corpus-to-machine: general language models author these\ncommonsense knowledge graphs to train commonsense models. Our study leads to a\nnew framework, Symbolic Knowledge Distillation. As with prior art in Knowledge\nDistillation (Hinton et al., 2015), our approach uses larger models to teach\nsmaller models. A key difference is that we distill knowledge symbolically-as\ntext-in addition to the neural model. We also distill only one aspect-the\ncommonsense of a general language model teacher, allowing the student to be a\ndifferent type, a commonsense model. Altogether, we show that careful prompt\nengineering and a separately trained critic model allow us to selectively\ndistill high-quality causal commonsense from GPT-3, a general language model.\nEmpirical results demonstrate that, for the first time, a human-authored\ncommonsense knowledge graph is surpassed by our automatically distilled variant\nin all three criteria: quantity, quality, and diversity. In addition, it\nresults in a neural commonsense model that surpasses the teacher model's\ncommonsense capabilities despite its 100x smaller size. We apply this to the\nATOMIC resource, and share our new symbolic knowledge graph and commonsense\nmodels.\n"", ""  Recently, the community has achieved substantial progress on many commonsense\nreasoning benchmarks. However, it is still unclear what is learned from the\ntraining process: the knowledge, inference capability, or both? We argue that\ndue to the large scale of commonsense knowledge, it is infeasible to annotate a\nlarge enough training set for each task to cover all commonsense for learning.\nThus we should separate the commonsense knowledge acquisition and inference\nover commonsense knowledge as two separate tasks. In this work, we focus on\ninvestigating models' commonsense inference capabilities from two perspectives:\n(1) Whether models can know if the knowledge they have is enough to solve the\ntask; (2) Whether models can develop commonsense inference capabilities that\ngeneralize across commonsense tasks. We first align commonsense tasks with\nrelevant knowledge from commonsense knowledge bases and ask humans to annotate\nwhether the knowledge is enough or not. Then, we convert different commonsense\ntasks into a unified question answering format to evaluate models'\ngeneralization capabilities. We name the benchmark as Commonsense Inference\nwith Knowledge-in-the-loop Question Answering (CIKQA).\n"", ""  Despite serving as the foundation models for a wide range of NLP benchmarks,\npre-trained language models have shown limited capabilities of acquiring\nimplicit commonsense knowledge from self-supervision alone, compared to\nlearning linguistic and factual knowledge that appear more explicitly in the\nsurface patterns in text. In this work, we introduce commonsense knowledge\ntransfer, a framework to transfer the commonsense knowledge stored in a neural\ncommonsense knowledge model to a general-purpose pre-trained language model. It\nfirst exploits general texts to form queries for extracting commonsense\nknowledge from the neural commonsense knowledge model and then refines the\nlanguage model with two self-supervised objectives: commonsense mask infilling\nand commonsense relation prediction, which align human language with the\nunderlying commonsense knowledge. Empirical results show that our approach\nconsistently improves the model's performance on downstream tasks that require\ncommonsense reasoning. Moreover, we find that the improvement is more\nsignificant in the few-shot setting. This suggests that our approach helps\nlanguage models better transfer to downstream tasks without extensive\nsupervision by injecting commonsense knowledge into their parameters.\n""]"
35,208,35_entity_linking_entities_el,"['entity', 'linking', 'entities', 'el', 'mentions', 'mention', 'the', 'of', 'wikipedia', 'to']","[""  A typical architecture for end-to-end entity linking systems consists of\nthree steps: mention detection, candidate generation and entity disambiguation.\nIn this study we investigate the following questions: (a) Can all those steps\nbe learned jointly with a model for contextualized text-representations, i.e.\nBERT (Devlin et al., 2019)? (b) How much entity knowledge is already contained\nin pretrained BERT? (c) Does additional entity knowledge improve BERT's\nperformance in downstream tasks? To this end, we propose an extreme\nsimplification of the entity linking setup that works surprisingly well: simply\ncast it as a per token classification over the entire entity vocabulary (over\n700K classes in our case). We show on an entity linking benchmark that (i) this\nmodel improves the entity representations over plain BERT, (ii) that it\noutperforms entity linking architectures that optimize the tasks separately and\n(iii) that it only comes second to the current state-of-the-art that does\nmention detection and entity disambiguation jointly. Additionally, we\ninvestigate the usefulness of entity-aware token-representations in the\ntext-understanding benchmark GLUE, as well as the question answering benchmarks\nSQUAD V2 and SWAG and also the EN-DE WMT14 machine translation benchmark. To\nour surprise, we find that most of those benchmarks do not benefit from\nadditional entity knowledge, except for a task with very small training data,\nthe RTE task in GLUE, which improves by 2%.\n"", '  Zero-shot entity linking (EL) aims at aligning entity mentions to unseen\nentities to challenge the generalization ability. Previous methods largely\nfocus on the candidate retrieval stage and ignore the essential candidate\nranking stage, which disambiguates among entities and makes the final linking\nprediction. In this paper, we propose a read-and-select (ReS) framework by\nmodeling the main components of entity disambiguation, i.e., mention-entity\nmatching and cross-entity comparison. First, for each candidate, the reading\nmodule leverages mention context to output mention-aware entity\nrepresentations, enabling mention-entity matching. Then, in the selecting\nmodule, we frame the choice of candidates as a sequence labeling problem, and\nall candidate representations are fused together to enable cross-entity\ncomparison. Our method achieves the state-of-the-art performance on the\nestablished zero-shot EL dataset ZESHEL with a 2.55% micro-average accuracy\ngain, with no need for laborious multi-phase pre-training used in most of the\nprevious work, showing the effectiveness of both mention-entity and\ncross-entity interaction.\n', '  Neural entity linking models are very powerful, but run the risk of\noverfitting to the domain they are trained in. For this problem, a domain is\ncharacterized not just by genre of text but even by factors as specific as the\nparticular distribution of entities, as neural models tend to overfit by\nmemorizing properties of frequent entities in a dataset. We tackle the problem\nof building robust entity linking models that generalize effectively and do not\nrely on labeled entity linking data with a specific entity distribution. Rather\nthan predicting entities directly, our approach models fine-grained entity\nproperties, which can help disambiguate between even closely related entities.\nWe derive a large inventory of types (tens of thousands) from Wikipedia\ncategories, and use hyperlinked mentions in Wikipedia to distantly label data\nand train an entity typing model. At test time, we classify a mention with this\ntyping model and use soft type predictions to link the mention to the most\nsimilar candidate entity. We evaluate our entity linking system on the\nCoNLL-YAGO dataset (Hoffart et al., 2011) and show that our approach\noutperforms prior domain-independent entity linking systems. We also test our\napproach in a harder setting derived from the WikilinksNED dataset (Eshel et\nal., 2017) where all the mention-entity pairs are unseen during test time.\nResults indicate that our approach generalizes better than a state-of-the-art\nneural model on the dataset.\n']"
36,201,36_financial_stock_sentiment_market,"['financial', 'stock', 'sentiment', 'market', 'and', 'the', 'of', 'in', 'to', 'analysis']","['  We introduce a new language representation model in finance called Financial\nEmbedding Analysis of Sentiment (FinEAS). In financial markets, news and\ninvestor sentiment are significant drivers of security prices. Thus, leveraging\nthe capabilities of modern NLP approaches for financial sentiment analysis is a\ncrucial component in identifying patterns and trends that are useful for market\nparticipants and regulators. In recent years, methods that use transfer\nlearning from large Transformer-based language models like BERT, have achieved\nstate-of-the-art results in text classification tasks, including sentiment\nanalysis using labelled datasets. Researchers have quickly adopted these\napproaches to financial texts, but best practices in this domain are not\nwell-established. In this work, we propose a new model for financial sentiment\nanalysis based on supervised fine-tuned sentence embeddings from a standard\nBERT model. We demonstrate our approach achieves significant improvements in\ncomparison to vanilla BERT, LSTM, and FinBERT, a financial domain specific\nBERT.\n', ""  In recent years, Large Language Models (LLMs) like ChatGPT have seen\nconsiderable advancements and have been applied in diverse fields. Built on the\nTransformer architecture, these models are trained on extensive datasets,\nenabling them to understand and generate human language effectively. In the\nfinancial domain, the deployment of LLMs is gaining momentum. These models are\nbeing utilized for automating financial report generation, forecasting market\ntrends, analyzing investor sentiment, and offering personalized financial\nadvice. Leveraging their natural language processing capabilities, LLMs can\ndistill key insights from vast financial data, aiding institutions in making\ninformed investment choices and enhancing both operational efficiency and\ncustomer satisfaction. In this study, we provide a comprehensive overview of\nthe emerging integration of LLMs into various financial tasks. Additionally, we\nconducted holistic tests on multiple financial tasks through the combination of\nnatural language instructions. Our findings show that GPT-4 effectively follow\nprompt instructions across various financial tasks. This survey and evaluation\nof LLMs in the financial domain aim to deepen the understanding of LLMs'\ncurrent role in finance for both financial practitioners and LLM researchers,\nidentify new research and application prospects, and highlight how these\ntechnologies can be leveraged to solve practical challenges in the finance\nindustry.\n"", '  Although large language models (LLMs) has shown great performance on natural\nlanguage processing (NLP) in the financial domain, there are no publicly\navailable financial tailtored LLMs, instruction tuning datasets, and evaluation\nbenchmarks, which is critical for continually pushing forward the open-source\ndevelopment of financial artificial intelligence (AI). This paper introduces\nPIXIU, a comprehensive framework including the first financial LLM based on\nfine-tuning LLaMA with instruction data, the first instruction data with 136K\ndata samples to support the fine-tuning, and an evaluation benchmark with 5\ntasks and 9 datasets. We first construct the large-scale multi-task instruction\ndata considering a variety of financial tasks, financial document types, and\nfinancial data modalities. We then propose a financial LLM called FinMA by\nfine-tuning LLaMA with the constructed dataset to be able to follow\ninstructions for various financial tasks. To support the evaluation of\nfinancial LLMs, we propose a standardized benchmark that covers a set of\ncritical financial tasks, including five financial NLP tasks and one financial\nprediction task. With this benchmark, we conduct a detailed analysis of FinMA\nand several existing LLMs, uncovering their strengths and weaknesses in\nhandling critical financial tasks. The model, datasets, benchmark, and\nexperimental results are open-sourced to facilitate future research in\nfinancial AI.\n']"
37,195,37_argument_arguments_argumentation_argumentative,"['argument', 'arguments', 'argumentation', 'argumentative', 'mining', 'of', 'the', 'and', 'we', 'in']","[""  Effective argumentation is essential towards a purposeful conversation with a\nsatisfactory outcome. For example, persuading someone to reconsider smoking\nmight involve empathetic, well founded arguments based on facts and expert\nopinions about its ill-effects and the consequences on one's family. However,\nthe automatic generation of high-quality factual arguments can be challenging.\nAddressing existing controllability issues can make the recent advances in\ncomputational models for argument generation a potential solution. In this\npaper, we introduce ArgU: a neural argument generator capable of producing\nfactual arguments from input facts and real-world concepts that can be\nexplicitly controlled for stance and argument structure using Walton's argument\nscheme-based control codes. Unfortunately, computational argument generation is\na relatively new field and lacks datasets conducive to training. Hence, we have\ncompiled and released an annotated corpora of 69,428 arguments spanning six\ntopics and six argument schemes, making it the largest publicly available\ncorpus for identifying argument schemes; the paper details our annotation and\ndataset creation framework. We further experiment with an argument generation\nstrategy that establishes an inference strategy by generating an ``argument\ntemplate'' before actual argument generation. Our results demonstrate that it\nis possible to automatically generate diverse arguments exhibiting different\ninference patterns for the same set of facts by using control codes based on\nargument schemes and stance.\n"", '  In this work we address the problem of argument search. The purpose of\nargument search is the distillation of pro and contra arguments for requested\ntopics from large text corpora. In previous works, the usual approach is to use\na standard search engine to extract text parts which are relevant to the given\ntopic and subsequently use an argument recognition algorithm to select\narguments from them. The main challenge in the argument recognition task, which\nis also known as argument mining, is that often sentences containing arguments\nare structurally similar to purely informative sentences without any stance\nabout the topic. In fact, they only differ semantically. Most approaches use\ntopic or search term information only for the first search step and therefore\nassume that arguments can be classified independently of a topic. We argue that\ntopic information is crucial for argument mining, since the topic defines the\nsemantic context of an argument. Precisely, we propose different models for the\nclassification of arguments, which take information about a topic of an\nargument into account. Moreover, to enrich the context of a topic and to let\nmodels understand the context of the potential argument better, we integrate\ninformation from different external sources such as Knowledge Graphs or\npre-trained NLP models. Our evaluation shows that considering topic\ninformation, especially in connection with external information, provides a\nsignificant performance boost for the argument mining task.\n', '  Argument mining is to analyze argument structure and extract important\nargument information from unstructured text. An argument mining system can help\npeople automatically gain causal and logical information behind the text. As\nargumentative corpus gradually increases, like more people begin to argue and\ndebate on social media, argument mining from them is becoming increasingly\ncritical. However, argument mining is still a big challenge in natural language\ntasks due to its difficulty, and relative techniques are not mature. For\nexample, research on non-tree argument mining needs to be done more. Most works\njust focus on extracting tree structure argument information. Moreover, current\nmethods cannot accurately describe and capture argument relations and do not\npredict their types. In this paper, we propose a novel neural model called\nAutoAM to solve these problems. We first introduce the argument component\nattention mechanism in our model. It can capture the relevant information\nbetween argument components, so our model can better perform argument mining.\nOur model is a universal end-to-end framework, which can analyze argument\nstructure without constraints like tree structure and complete three subtasks\nof argument mining in one model. The experiment results show that our model\noutperforms the existing works on several metrics in two public datasets.\n']"
38,191,38_code_programming_language_and,"['code', 'programming', 'language', 'and', 'source', 'generation', 'the', 'to', 'of', 'we']","['  We present The Vault, a dataset of high-quality code-text pairs in multiple\nprogramming languages for training large language models to understand and\ngenerate code. We present methods for thoroughly extracting samples that use\nboth rule-based and deep learning-based methods to ensure that they contain\nhigh-quality pairs of code and text, resulting in a dataset of 43 million\nhigh-quality code-text pairs. Our extensive evaluations on common coding tasks\nincluding code generation, code search and code summarization show that when\nfine-tuning Code Large Language Models on The Vault, such models outperform the\nsame models trained on other datasets such as CodeSearchNet. We also provide\ndetailed analyses of our datasets to assess the effects of various programming\nlanguages and docstrings on the performance of such models.\n', '  Code representation learning, which aims to encode the semantics of source\ncode into distributed vectors, plays an important role in recent\ndeep-learning-based models for code intelligence. Recently, many pre-trained\nlanguage models for source code (e.g., CuBERT and CodeBERT) have been proposed\nto model the context of code and serve as a basis for downstream code\nintelligence tasks such as code search, code clone detection, and program\ntranslation. Current approaches typically consider the source code as a plain\nsequence of tokens, or inject the structure information (e.g., AST and\ndata-flow) into the sequential model pre-training. To further explore the\nproperties of programming languages, this paper proposes SynCoBERT, a\nsyntax-guided multi-modal contrastive pre-training approach for better code\nrepresentations. Specially, we design two novel pre-training objectives\noriginating from the symbolic and syntactic properties of source code, i.e.,\nIdentifier Prediction (IP) and AST Edge Prediction (TEP), which are designed to\npredict identifiers, and edges between two nodes of AST, respectively.\nMeanwhile, to exploit the complementary information in semantically equivalent\nmodalities (i.e., code, comment, AST) of the code, we propose a multi-modal\ncontrastive learning strategy to maximize the mutual information among\ndifferent modalities. Extensive experiments on four downstream tasks related to\ncode intelligence show that SynCoBERT advances the state-of-the-art with the\nsame pre-training corpus and model size.\n', ""  Code Large Language Models (Code LLMs) have demonstrated outstanding\nperformance in code-related tasks. Several instruction tuning approaches have\nbeen proposed to boost the code generation performance of pre-trained Code\nLLMs. In this paper, we introduce a diverse instruction model (DolphCoder) with\nself-evaluating for code generation. It learns diverse instruction targets and\ncombines a code evaluation objective to enhance its code generation ability.\nOur model achieves superior performance on the HumanEval and MBPP benchmarks,\ndemonstrating new insights for future code instruction tuning work. Our key\nfindings are: (1) Augmenting more diverse responses with distinct reasoning\npaths increases the code capability of LLMs. (2) Improving one's ability to\nevaluate the correctness of code solutions also enhances their ability to\ncreate it.\n""]"
39,189,39_story_stories_narrative_generation,"['story', 'stories', 'narrative', 'generation', 'storytelling', 'plot', 'and', 'the', 'to', 'of']","['  Storytelling and narrative are fundamental to human experience, intertwined\nwith our social and cultural engagement. As such, researchers have long\nattempted to create systems that can generate stories automatically. In recent\nyears, powered by deep learning and massive data resources, automatic story\ngeneration has shown significant advances. However, considerable challenges,\nlike the need for global coherence in generated stories, still hamper\ngenerative models from reaching the same storytelling ability as human\nnarrators. To tackle these challenges, many studies seek to inject structured\nknowledge into the generation process, which is referred to as structured\nknowledge-enhanced story generation. Incorporating external knowledge can\nenhance the logical coherence among story events, achieve better knowledge\ngrounding, and alleviate over-generalization and repetition problems in\nstories. This survey provides the latest and comprehensive review of this\nresearch field: (i) we present a systematic taxonomy regarding how existing\nmethods integrate structured knowledge into story generation; (ii) we summarize\ninvolved story corpora, structured knowledge datasets, and evaluation metrics;\n(iii) we give multidimensional insights into the challenges of\nknowledge-enhanced story generation and cast light on promising directions for\nfuture study.\n', ""  In order to tell stories in different voices for different audiences,\ninteractive story systems require: (1) a semantic representation of story\nstructure, and (2) the ability to automatically generate story and dialogue\nfrom this semantic representation using some form of Natural Language\nGeneration (NLG). However, there has been limited research on methods for\nlinking story structures to narrative descriptions of scenes and story events.\nIn this paper we present an automatic method for converting from Scheherazade's\nstory intention graph, a semantic representation, to the input required by the\nPersonage NLG engine. Using 36 Aesop Fables distributed in DramaBank, a\ncollection of story encodings, we train translation rules on one story and then\ntest these rules by generating text for the remaining 35. The results are\nmeasured in terms of the string similarity metrics Levenshtein Distance and\nBLEU score. The results show that we can generate the 35 stories with correct\ncontent: the test set stories on average are close to the output of the\nScheherazade realizer, which was customized to this semantic representation. We\nprovide some examples of story variations generated by personage. In future\nwork, we will experiment with measuring the quality of the same stories\ngenerated in different voices, and with techniques for making storytelling\ninteractive.\n"", '  Stories are diverse and highly personalized, resulting in a large possible\noutput space for story generation. Existing end-to-end approaches produce\nmonotonous stories because they are limited to the vocabulary and knowledge in\na single training dataset. This paper introduces KG-Story, a three-stage\nframework that allows the story generation model to take advantage of external\nKnowledge Graphs to produce interesting stories. KG-Story distills a set of\nrepresentative words from the input prompts, enriches the word set by using\nexternal knowledge graphs, and finally generates stories based on the enriched\nword set. This distill-enrich-generate framework allows the use of external\nresources not only for the enrichment phase, but also for the distillation and\ngeneration phases. In this paper, we show the superiority of KG-Story for\nvisual storytelling, where the input prompt is a sequence of five photos and\nthe output is a short story. Per the human ranking evaluation, stories\ngenerated by KG-Story are on average ranked better than that of the\nstate-of-the-art systems. Our code and output stories are available at\nhttps://github.com/zychen423/KE-VIST.\n']"
40,185,40_sarcasm_humor_detection_sarcastic,"['sarcasm', 'humor', 'detection', 'sarcastic', 'the', 'of', 'in', 'and', 'pun', 'humorous']","['  Sarcasm can be defined as saying or writing the opposite of what one truly\nwants to express, usually to insult, irritate, or amuse someone. Because of the\nobscure nature of sarcasm in textual data, detecting it is difficult and of\ngreat interest to the sentiment analysis research community. Though the\nresearch in sarcasm detection spans more than a decade, some significant\nadvancements have been made recently, including employing unsupervised\npre-trained transformers in multimodal environments and integrating context to\nidentify sarcasm. In this study, we aim to provide a brief overview of recent\nadvancements and trends in computational sarcasm research for the English\nlanguage. We describe relevant datasets, methodologies, trends, issues,\nchallenges, and tasks relating to sarcasm that are beyond detection. Our study\nprovides well-summarized tables of sarcasm datasets, sarcastic features and\ntheir extraction methods, and performance analysis of various approaches which\ncan help researchers in related domains understand current state-of-the-art\npractices in sarcasm detection.\n', '  Sarcasm is a way of verbal irony where someone says the opposite of what they\nmean, often to ridicule a person, situation, or idea. It is often difficult to\ndetect sarcasm in the dialogue since detecting sarcasm should reflect the\ncontext (i.e., dialogue history). In this paper, we introduce a new dataset for\nthe Korean dialogue sarcasm detection task, KoCoSa (Korean Context-aware\nSarcasm Detection Dataset), which consists of 12.8K daily Korean dialogues and\nthe labels for this task on the last response. To build the dataset, we propose\nan efficient sarcasm detection dataset generation pipeline: 1) generating new\nsarcastic dialogues from source dialogues with large language models, 2)\nautomatic and manual filtering of abnormal and toxic dialogues, and 3) human\nannotation for the sarcasm detection task. We also provide a simple but\neffective baseline for the Korean sarcasm detection task trained on our\ndataset. Experimental results on the dataset show that our baseline system\noutperforms strong baselines like large language models, such as GPT-3.5, in\nthe Korean sarcasm detection task. We show that the sarcasm detection task\nrelies deeply on the existence of sufficient context. We will release the\ndataset at https://anonymous.4open.science/r/KoCoSa-2372.\n', ""  The role of predicting sarcasm in the text is known as automatic sarcasm\ndetection. Given the prevalence and challenges of sarcasm in sentiment-bearing\ntext, this is a critical phase in most sentiment analysis tasks. With the\nincreasing popularity and usage of different social media platforms among users\naround the world, people are using sarcasm more and more in their day-to-day\nconversations, social media posts and tweets, and it is considered as a way for\npeople to express their sentiment about some certain topics or issues. As a\nresult of the increasing popularity, researchers started to focus their\nresearch endeavors on detecting sarcasm from a text in different languages\nespecially the English language. However, the task of sarcasm detection is a\nchallenging task due to the nature of sarcastic texts; which can be relative\nand significantly differs from one person to another depending on the topic,\nregion, the user's mentality and other factors. In addition to these\nchallenges, sarcasm detection in the Arabic language has its own challenges due\nto the complexity of the Arabic language, such as being morphologically rich,\nwith many dialects that significantly vary between each other, while also being\nlowly resourced. In recent years, only few research attempts started tackling\nthe task of sarcasm detection in Arabic, including creating and collecting\ncorpora, organizing workshops and establishing baseline models. This paper\nintends to create a new humanly annotated Arabic corpus for sarcasm detection\ncollected from tweets, and implementing a new approach for sarcasm detection\nand quantification in Arabic tweets. The annotation technique followed in this\npaper is unique in sarcasm detection and the proposed approach tackles the\nproblem as a regression problem instead of classification; i.e., the model\nattempts to predict the level of sarcasm instead of binary classification.\n""]"
41,176,41_law_zipf_frequency_of,"['law', 'zipf', 'frequency', 'of', 'the', 'words', 'word', 'that', 'texts', 'in']","[""  According to Zipf's meaning-frequency law, words that are more frequent tend\nto have more meanings. Here it is shown that a linear dependency between the\nfrequency of a form and its number of meanings is found in a family of models\nof Zipf's law for word frequencies. This is evidence for a weak version of the\nmeaning-frequency law. Interestingly, that weak law (a) is not an inevitable of\nproperty of the assumptions of the family and (b) is found at least in the\nnarrow regime where those models exhibit Zipf's law for word frequencies.\n"", ""  The pioneering research of G. K. Zipf on the relationship between word\nfrequency and other word features led to the formulation of various linguistic\nlaws. The most popular is Zipf's law for word frequencies. Here we focus on two\nlaws that have been studied less intensively: the meaning-frequency law, i.e.\nthe tendency of more frequent words to be more polysemous, and the law of\nabbreviation, i.e. the tendency of more frequent words to be shorter. In a\nprevious work, we tested the robustness of these Zipfian laws for English,\nroughly measuring word length in number of characters and distinguishing adult\nfrom child speech. In the present article, we extend our study to other\nlanguages (Dutch and Spanish) and introduce two additional measures of length:\nsyllabic length and phonemic length. Our correlation analysis indicates that\nboth the meaning-frequency law and the law of abbreviation hold overall in all\nthe analyzed languages.\n"", ""  Zipf's law has been found in many human-related fields, including language,\nwhere the frequency of a word is persistently found as a power law function of\nits frequency rank, known as Zipf's law. However, there is much dispute whether\nit is a universal law or a statistical artifact, and little is known about what\nmechanisms may have shaped it. To answer these questions, this study conducted\na large scale cross language investigation into Zipf's law. The statistical\nresults show that Zipf's laws in 50 languages all share a 3-segment structural\npattern, with each segment demonstrating distinctive linguistic properties and\nthe lower segment invariably bending downwards to deviate from theoretical\nexpectation. This finding indicates that this deviation is a fundamental and\nuniversal feature of word frequency distributions in natural languages, not the\nstatistical error of low frequency words. A computer simulation based on the\ndual-process theory yields Zipf's law with the same structural pattern,\nsuggesting that Zipf's law of natural languages are motivated by common\ncognitive mechanisms. These results show that Zipf's law in languages is\nmotivated by cognitive mechanisms like dual-processing that govern human verbal\nbehaviors.\n""]"
42,168,42_authorship_attribution_author_of,"['authorship', 'attribution', 'author', 'of', 'authors', 'the', 'literary', 'texts', 'style', 'and']","['  We present and make available MedLatinEpi and MedLatinLit, two datasets of\nmedieval Latin texts to be used in research on computational authorship\nanalysis. MedLatinEpi and MedLatinLit consist of 294 and 30 curated texts,\nrespectively, labelled by author; MedLatinEpi texts are of epistolary nature,\nwhile MedLatinLit texts consist of literary comments and treatises about\nvarious subjects. As such, these two datasets lend themselves to supporting\nresearch in authorship analysis tasks, such as authorship attribution,\nauthorship verification, or same-author verification. Along with the datasets\nwe provide experimental results, obtained on these datasets, for the authorship\nverification task, i.e., the task of predicting whether a text of unknown\nauthorship was written by a candidate author or not. We also make available the\nsource code of the authorship verification system we have used, thus allowing\nour experiments to be reproduced, and to be used as baselines, by other\nresearchers. We also describe the application of the above authorship\nverification system, using these datasets as training data, for investigating\nthe authorship of two medieval epistles whose authorship has been disputed by\nscholars.\n', '  Authors writing documents imprint identifying information within their texts:\nvocabulary, registry, punctuation, misspellings, or even emoji usage. Finding\nthese details is very relevant to profile authors, relating back to their\ngender, occupation, age, and so on. But most importantly, repeating writing\npatterns can help attributing authorship to a text. Previous works use\nhand-crafted features or classification tasks to train their authorship models,\nleading to poor performance on out-of-domain authors. A better approach to this\ntask is to learn stylometric representations, but this by itself is an open\nresearch challenge. In this paper, we propose PART: a contrastively trained\nmodel fit to learn \\textbf{authorship embeddings} instead of semantics. By\ncomparing pairs of documents written by the same author, we are able to\ndetermine the proprietary of a text by evaluating the cosine similarity of the\nevaluated documents, a zero-shot generalization to authorship identification.\nTo this end, a pre-trained Transformer with an LSTM head is trained with the\ncontrastive training method. We train our model on a diverse set of authors,\nfrom literature, anonymous blog posters and corporate emails; a heterogeneous\nset with distinct and identifiable writing styles. The model is evaluated on\nthese datasets, achieving zero-shot 72.39\\% and 86.73\\% accuracy and top-5\naccuracy respectively on the joint evaluation dataset when determining\nauthorship from a set of 250 different authors. We qualitatively assess the\nrepresentations with different data visualizations on the available datasets,\nprofiling features such as book types, gender, age, or occupation of the\nauthor.\n', '  With such increasing popularity and availability of digital text data,\nauthorships of digital texts can not be taken for granted due to the ease of\ncopying and parsing. This paper presents a new text style analysis called\nnatural frequency zoned word distribution analysis (NFZ-WDA), and then a basic\nauthorship attribution scheme and an open authorship attribution scheme for\ndigital texts based on the analysis. NFZ-WDA is based on the observation that\nall authors leave distinct intrinsic word usage traces on texts written by them\nand these intrinsic styles can be identified and employed to analyze the\nauthorship. The intrinsic word usage styles can be estimated through the\nanalysis of word distribution within a text, which is more than normal word\nfrequency analysis and can be expressed as: which groups of words are used in\nthe text; how frequently does each group of words occur; how are the\noccurrences of each group of words distributed in the text. Next, the basic\nauthorship attribution scheme and the open authorship attribution scheme\nprovide solutions for both closed and open authorship attribution problems.\nThrough analysis and extensive experimental studies, this paper demonstrates\nthe efficiency of the proposed method for authorship attribution.\n']"
43,165,43_style_transfer_content_text,"['style', 'transfer', 'content', 'text', 'parallel', 'the', 'styles', 'of', 'formality', 'to']","['  Language style transferring rephrases text with specific stylistic attributes\nwhile preserving the original attribute-independent content. One main challenge\nin learning a style transfer system is a lack of parallel data where the source\nsentence is in one style and the target sentence in another style. With this\nconstraint, in this paper, we adapt unsupervised machine translation methods\nfor the task of automatic style transfer. We first take advantage of\nstyle-preference information and word embedding similarity to produce\npseudo-parallel data with a statistical machine translation (SMT) framework.\nThen the iterative back-translation approach is employed to jointly train two\nneural machine translation (NMT) based transfer systems. To control the noise\ngenerated during joint training, a style classifier is introduced to guarantee\nthe accuracy of style transfer and penalize bad candidates in the generated\npseudo data. Experiments on benchmark datasets show that our proposed method\noutperforms previous state-of-the-art models in terms of both accuracy of style\ntransfer and quality of input-output correspondence.\n', '  Text style transfer rephrases a text from a source style (e.g., informal) to\na target style (e.g., formal) while keeping its original meaning. Despite the\nsuccess existing works have achieved using a parallel corpus for the two\nstyles, transferring text style has proven significantly more challenging when\nthere is no parallel training corpus. In this paper, we address this challenge\nby using a reinforcement-learning-based generator-evaluator architecture. Our\ngenerator employs an attention-based encoder-decoder to transfer a sentence\nfrom the source style to the target style. Our evaluator is an adversarially\ntrained style discriminator with semantic and syntactic constraints that score\nthe generated sentence for style, meaning preservation, and fluency.\nExperimental results on two different style transfer tasks (sentiment transfer\nand formality transfer) show that our model outperforms state-of-the-art\napproaches. Furthermore, we perform a manual evaluation that demonstrates the\neffectiveness of the proposed method using subjective metrics of generated text\nquality.\n', '  Conventional text style transfer approaches focus on sentence-level style\ntransfer without considering contextual information, and the style is described\nwith attributes (e.g., formality). When applying style transfer in\nconversations such as task-oriented dialogues, existing approaches suffer from\nthese limitations as context can play an important role and the style\nattributes are often difficult to define in conversations. In this paper, we\nintroduce conversation style transfer as a few-shot learning problem, where the\nmodel learns to perform style transfer by observing only a few example\ndialogues in the target style. We propose a novel in-context learning approach\nto solve the task with style-free dialogues as a pivot. Human evaluation shows\nthat by incorporating multi-turn context, the model is able to match the target\nstyle while having better appropriateness and semantic correctness compared to\nutterance/sentence-level style transfer. Additionally, we show that\nconversation style transfer can also benefit downstream tasks. For example, in\nmulti-domain intent classification tasks, the F1 scores improve after\ntransferring the style of training data to match the style of the test data.\n']"
44,164,44_syntactic_language_neural_that,"['syntactic', 'language', 'neural', 'that', 'models', 'of', 'the', 'to', 'in', 'we']","[""  Targeted syntactic evaluations have demonstrated the ability of language\nmodels to perform subject-verb agreement given difficult contexts. To elucidate\nthe mechanisms by which the models accomplish this behavior, this study applies\ncausal mediation analysis to pre-trained neural language models. We investigate\nthe magnitude of models' preferences for grammatical inflections, as well as\nwhether neurons process subject-verb agreement similarly across sentences with\ndifferent syntactic structures. We uncover similarities and differences across\narchitectures and model sizes -- notably, that larger models do not necessarily\nlearn stronger preferences. We also observe two distinct mechanisms for\nproducing subject-verb agreement depending on the syntactic structure of the\ninput sentence. Finally, we find that language models rely on similar sets of\nneurons when given sentences with similar syntactic structure.\n"", ""  How do humans learn language, and can the first language be learned at all?\nThese fundamental questions are still hotly debated. In contemporary\nlinguistics, there are two major schools of thought that give completely\nopposite answers. According to Chomsky's theory of universal grammar, language\ncannot be learned because children are not exposed to sufficient data in their\nlinguistic environment. In contrast, usage-based models of language assume a\nprofound relationship between language structure and language use. In\nparticular, contextual mental processing and mental representations are assumed\nto have the cognitive capacity to capture the complexity of actual language use\nat all levels. The prime example is syntax, i.e., the rules by which words are\nassembled into larger units such as sentences. Typically, syntactic rules are\nexpressed as sequences of word classes. However, it remains unclear whether\nword classes are innate, as implied by universal grammar, or whether they\nemerge during language acquisition, as suggested by usage-based approaches.\nHere, we address this issue from a machine learning and natural language\nprocessing perspective. In particular, we trained an artificial deep neural\nnetwork on predicting the next word, provided sequences of consecutive words as\ninput. Subsequently, we analyzed the emerging activation patterns in the hidden\nlayers of the neural network. Strikingly, we find that the internal\nrepresentations of nine-word input sequences cluster according to the word\nclass of the tenth word to be predicted as output, even though the neural\nnetwork did not receive any explicit information about syntactic rules or word\nclasses during training. This surprising result suggests, that also in the\nhuman brain, abstract representational categories such as word classes may\nnaturally emerge as a consequence of predictive coding and processing during\nlanguage acquisition.\n"", '  We propose transfer learning as a method for analyzing the encoding of\ngrammatical structure in neural language models. We train LSTMs on\nnon-linguistic data and evaluate their performance on natural language to\nassess which kinds of data induce generalizable structural features that LSTMs\ncan use for natural language. We find that training on non-linguistic data with\nlatent structure (MIDI music or Java code) improves test performance on natural\nlanguage, despite no overlap in surface form or vocabulary. To pinpoint the\nkinds of abstract structure that models may be encoding to lead to this\nimprovement, we run similar experiments with two artificial parentheses\nlanguages: one which has a hierarchical recursive structure, and a control\nwhich has paired tokens but no recursion. Surprisingly, training a model on\neither of these artificial languages leads to the same substantial gains when\ntesting on natural language. Further experiments on transfer between natural\nlanguages controlling for vocabulary overlap show that zero-shot performance on\na test language is highly correlated with typological syntactic similarity to\nthe training language, suggesting that representations induced by pre-training\ncorrespond to the cross-linguistic syntactic properties. Our results provide\ninsights into the ways that neural models represent abstract syntactic\nstructure, and also about the kind of structural inductive biases which allow\nfor natural language acquisition.\n']"
45,153,45_discourse_relations_rst_parsing,"['discourse', 'relations', 'rst', 'parsing', 'relation', 'implicit', 'the', 'connectives', 'of', 'structure']","['  Discourse information, as postulated by popular discourse theories, such as\nRST and PDTB, has been shown to improve an increasing number of downstream NLP\ntasks, showing positive effects and synergies of discourse with important\nreal-world applications. While methods for incorporating discourse become more\nand more sophisticated, the growing need for robust and general discourse\nstructures has not been sufficiently met by current discourse parsers, usually\ntrained on small scale datasets in a strictly limited number of domains. This\nmakes the prediction for arbitrary tasks noisy and unreliable. The overall\nresulting lack of high-quality, high-quantity discourse trees poses a severe\nlimitation to further progress. In order the alleviate this shortcoming, we\npropose a new strategy to generate tree structures in a task-agnostic,\nunsupervised fashion by extending a latent tree induction framework with an\nauto-encoding objective. The proposed approach can be applied to any\ntree-structured objective, such as syntactic parsing, discourse parsing and\nothers. However, due to the especially difficult annotation process to generate\ndiscourse trees, we initially develop a method to generate larger and more\ndiverse discourse treebanks. In this paper we are inferring general tree\nstructures of natural text in multiple domains, showing promising results on a\ndiverse set of tasks.\n', '  Over the past years, interest in discourse analysis and discourse parsing has\nsteadily grown, and many discourse-annotated corpora and, as a result,\ndiscourse parsers have been built. In this paper, we present a\ndiscourse-annotated corpus for the Persian language built in the framework of\nRhetorical Structure Theory as well as a discourse parser built upon the DPLP\nparser, an open-source discourse parser. Our corpus consists of 150\njournalistic texts, each text having an average of around 400 words. Corpus\ntexts were annotated using 18 discourse relations and based on the annotation\nguideline of the English RST Discourse Treebank corpus. Our text-level\ndiscourse parser is trained using gold segmentation and is built upon the DPLP\ndiscourse parser, which uses a large-margin transition-based approach to solve\nthe problem of discourse parsing. The performance of our discourse parser in\nspan (S), nuclearity (N) and relation (R) detection is around 78%, 64%, 44%\nrespectively, in terms of F1 measure.\n', '  Without discourse connectives, classifying implicit discourse relations is a\nchallenging task and a bottleneck for building a practical discourse parser.\nPrevious research usually makes use of one kind of discourse framework such as\nPDTB or RST to improve the classification performance on discourse relations.\nActually, under different discourse annotation frameworks, there exist multiple\ncorpora which have internal connections. To exploit the combination of\ndifferent discourse corpora, we design related discourse classification tasks\nspecific to a corpus, and propose a novel Convolutional Neural Network embedded\nmulti-task learning system to synthesize these tasks by learning both unique\nand shared representations for each task. The experimental results on the PDTB\nimplicit discourse relation classification task demonstrate that our model\nachieves significant gains over baseline systems.\n']"
